type,cap_shape,cap_color,bruises,odor,habitat
p,x,n,t,p,u
e,x,y,t,a,g
e,b,w,t,l,m
p,x,w,t,p,u
e,x,g,f,n,g
e,x,y,t,a,g
e,b,w,t,a,m
e,b,w,t,l,m
p,x,w,t,p,g
e,b,y,t,a,m
e,x,y,t,l,g
e,x,y,t,a,m
e,b,y,t,a,g
p,x,w,t,p,u
e,x,n,f,n,g
e,s,g,f,n,u
e,f,w,f,n,g
p,x,n,t,p,g
p,x,w,t,p,u
p,x,n,t,p,u
e,b,y,t,a,m
p,x,n,t,p,g
e,b,y,t,l,m
e,b,w,t,a,m
e,b,w,t,l,m
p,f,w,t,p,g
e,x,y,t,a,m
e,x,w,t,l,m
e,f,n,f,n,u
e,x,y,t,a,d
e,b,y,t,l,m
p,x,w,t,p,u
e,x,y,t,l,m
e,x,n,t,l,p
e,b,y,t,l,m
e,x,y,t,l,d
e,s,g,f,n,u
p,x,n,t,p,u
e,x,y,t,a,d
e,b,y,t,l,m
e,b,y,t,a,g
e,x,y,t,l,p
e,x,n,f,n,u
p,x,w,t,p,g
e,x,y,t,a,m
e,x,w,t,a,g
e,x,y,t,l,m
e,x,w,t,l,m
e,x,y,t,l,p
e,f,y,t,l,p
e,x,n,t,a,g
e,x,w,t,l,g
e,b,w,t,l,m
p,x,n,t,p,u
p,x,w,t,p,u
e,b,y,t,a,m
e,f,g,f,n,g
e,b,w,t,a,g
e,x,y,t,l,g
e,x,n,t,a,p
e,s,g,f,n,u
e,b,y,t,a,m
e,b,y,t,l,m
e,b,y,t,l,m
e,b,w,t,l,g
e,f,n,f,n,g
e,x,w,t,l,g
e,f,y,t,a,g
e,x,y,t,a,g
e,x,g,f,n,u
e,f,y,t,l,d
e,b,w,t,l,m
e,f,y,t,l,d
e,x,n,t,a,p
e,b,y,t,a,g
e,f,y,t,l,d
e,x,w,t,l,d
e,f,n,t,l,p
p,x,n,t,p,u
e,f,n,t,a,g
e,x,n,f,n,g
p,x,w,t,p,g
e,f,g,f,n,u
e,x,g,f,n,g
e,x,y,t,l,g
e,x,n,f,n,g
e,b,w,t,a,g
e,x,w,t,l,g
e,f,n,t,l,g
e,s,n,f,n,u
e,x,n,f,n,u
e,b,w,t,l,g
e,x,y,t,a,g
e,x,y,t,l,m
e,x,n,f,n,g
e,x,w,t,a,g
e,f,n,t,l,g
e,x,y,t,a,g
e,b,w,t,a,g
e,x,w,t,a,g
e,x,n,f,n,g
e,b,y,t,l,g
e,f,y,t,l,g
e,x,y,t,a,p
e,b,w,t,l,g
e,x,y,t,a,m
e,x,y,t,a,g
e,b,w,t,l,m
e,b,w,t,a,m
e,x,y,t,a,m
e,x,y,t,l,g
e,s,g,f,n,u
e,x,w,t,a,d
e,x,y,t,a,m
p,x,w,t,p,u
e,x,y,t,l,g
e,s,g,f,n,u
e,x,y,t,l,g
e,x,y,t,l,d
e,s,n,f,n,u
p,x,w,t,p,g
e,x,w,t,a,m
p,f,n,t,p,g
e,f,g,f,n,g
e,x,y,t,l,m
e,x,w,f,n,g
e,b,y,t,a,g
e,f,g,f,n,g
e,x,w,t,l,g
e,b,w,t,l,m
e,b,w,t,l,g
e,b,w,t,l,m
e,f,w,t,l,d
e,x,y,t,l,m
e,f,w,t,a,d
p,x,w,t,p,u
e,f,w,t,l,d
e,x,y,t,a,g
p,x,n,t,p,g
e,b,y,t,l,g
e,x,n,t,a,p
e,b,y,t,l,m
e,s,n,f,n,u
e,f,n,t,a,p
e,x,y,t,a,g
e,x,g,f,n,g
e,f,w,f,n,g
e,x,y,t,l,m
e,b,y,t,l,g
e,b,w,t,a,m
e,x,w,t,a,g
e,x,n,f,n,g
e,x,w,t,l,g
e,s,n,f,n,u
e,x,w,t,a,d
e,x,n,t,l,g
e,b,y,t,a,g
e,x,w,t,a,g
e,b,w,t,a,m
e,b,y,t,a,g
e,b,y,t,l,m
e,b,y,t,a,g
e,x,n,f,n,u
e,f,n,t,l,g
e,x,w,t,a,g
e,f,y,t,l,p
e,b,w,t,a,g
e,b,w,t,a,m
e,x,n,t,l,g
e,b,w,t,a,g
e,x,g,f,n,u
e,b,y,t,l,g
e,x,y,t,l,d
e,b,y,t,a,g
e,f,y,t,l,g
e,b,w,t,l,m
e,b,w,t,a,m
e,b,y,t,a,g
e,x,y,t,l,m
e,b,y,t,l,g
p,x,w,t,p,u
e,s,n,f,n,u
e,f,n,f,n,u
e,x,y,t,a,m
e,f,n,t,a,p
p,x,w,t,p,g
e,b,w,t,l,m
e,f,g,f,n,u
e,b,y,t,l,g
e,x,n,t,a,p
e,x,w,f,n,g
e,x,w,t,l,d
e,b,w,t,l,m
e,f,y,t,a,d
e,x,y,t,a,m
e,f,g,f,n,u
e,b,y,t,a,g
e,x,w,t,l,m
e,x,w,t,l,m
e,f,w,t,a,d
e,x,y,t,l,g
e,b,w,t,l,g
e,x,w,t,a,g
e,x,w,f,n,g
e,f,n,t,l,p
p,x,w,t,p,u
e,b,w,t,a,g
e,b,w,t,a,m
e,b,w,t,l,g
e,b,w,t,a,g
e,x,y,t,a,g
e,b,w,t,l,m
e,x,y,t,a,d
e,x,g,f,n,u
e,f,y,t,a,g
e,b,w,t,l,m
e,x,y,t,a,g
e,x,y,t,a,g
e,x,w,t,l,g
e,s,g,f,n,u
e,x,w,t,a,m
p,x,w,t,p,g
e,x,y,t,a,g
e,f,w,t,a,d
e,x,w,t,l,m
e,b,w,t,l,g
e,x,w,t,a,g
e,x,y,t,a,g
p,x,n,t,p,u
e,b,y,t,a,g
e,x,g,f,n,u
p,x,w,t,p,u
e,x,y,t,l,p
e,f,n,f,n,u
e,b,w,t,l,g
e,x,w,t,l,d
e,x,w,t,l,g
e,b,y,t,l,g
e,x,y,t,l,g
e,f,y,t,a,p
e,f,y,t,a,p
e,x,w,t,l,g
e,x,w,t,a,m
p,x,w,t,p,u
e,f,w,t,a,d
e,x,w,t,l,g
e,x,w,t,l,d
e,x,w,t,a,m
e,f,y,t,l,p
e,x,n,f,n,g
e,f,y,t,a,g
p,x,n,t,p,g
e,s,n,f,n,u
e,b,y,t,l,m
e,b,w,t,l,g
e,b,w,t,l,m
e,f,n,f,n,u
e,x,w,t,a,m
e,b,w,t,l,g
e,b,w,t,a,m
e,f,n,t,l,g
p,x,w,t,p,g
e,x,w,t,a,g
e,x,w,t,a,m
e,f,w,t,l,d
e,f,g,f,n,u
e,f,g,f,n,g
e,x,y,t,a,m
e,b,w,t,a,m
p,f,n,t,p,u
e,x,w,t,l,m
p,f,n,t,p,u
e,x,w,t,l,g
e,x,y,t,a,m
e,f,y,t,a,p
e,x,n,t,a,p
e,f,n,t,a,g
e,x,w,t,a,m
e,f,n,f,n,g
e,x,y,t,l,m
p,x,w,t,p,g
e,b,y,t,a,m
e,s,n,f,n,u
e,x,y,t,l,m
e,b,w,t,l,m
e,f,n,t,a,g
e,b,y,t,a,m
e,b,w,t,a,g
e,x,n,t,l,p
e,f,g,f,n,u
e,x,g,f,n,u
e,b,y,t,l,g
e,x,y,t,l,m
e,b,w,t,l,g
e,x,w,t,a,m
e,b,y,t,a,m
e,x,y,t,a,m
e,x,g,f,n,g
e,f,y,t,a,d
p,x,w,t,p,g
e,x,w,f,n,g
e,b,w,t,a,g
e,x,y,t,l,d
e,b,w,t,a,g
e,x,w,t,l,g
e,x,n,t,n,d
e,b,w,t,l,m
e,x,y,t,l,m
e,f,n,t,a,g
e,x,w,f,n,g
e,x,y,t,l,g
p,x,w,t,p,g
e,x,y,t,l,g
e,x,w,t,a,d
e,b,y,t,a,g
p,x,w,t,p,u
e,x,y,t,a,d
e,x,w,t,a,m
e,x,w,t,l,d
e,f,w,t,l,d
e,x,y,t,l,m
e,f,y,t,a,d
e,x,w,t,a,g
e,b,y,t,a,m
e,x,n,t,l,p
e,b,w,t,l,g
e,x,y,t,a,m
p,x,n,t,p,u
e,b,y,t,l,g
e,b,w,t,a,g
p,x,n,t,p,u
e,b,w,t,l,m
e,b,y,t,l,m
e,b,y,t,a,g
e,x,w,t,l,g
e,x,n,t,n,d
e,x,n,t,a,g
e,b,y,t,l,g
e,x,g,f,n,u
e,x,n,t,l,g
e,x,w,t,a,g
e,b,w,t,a,g
e,x,y,t,a,m
e,f,y,t,a,d
e,b,y,t,l,g
e,x,n,f,n,g
e,x,y,t,l,d
e,x,y,t,a,m
e,f,g,f,n,g
e,x,n,f,n,u
e,f,g,f,n,g
e,f,n,t,a,p
e,b,w,t,a,g
e,b,y,t,a,m
e,x,y,t,l,p
e,s,g,f,n,u
e,f,n,t,a,p
p,x,n,t,p,u
e,x,y,t,a,p
e,x,y,t,a,g
e,x,n,f,n,g
e,x,n,f,n,g
e,f,n,f,n,g
e,f,n,t,a,p
e,x,y,t,a,g
e,f,n,f,n,u
e,x,y,t,a,p
e,x,y,t,a,d
e,b,y,t,a,g
e,x,g,f,n,g
e,x,y,t,a,g
e,f,n,t,l,g
e,x,y,t,a,m
e,s,n,f,n,u
e,x,w,t,a,m
e,b,w,t,l,g
e,s,n,f,n,u
e,b,y,t,l,m
e,x,y,t,l,g
e,b,y,t,a,g
p,x,n,t,p,u
e,x,w,f,n,g
e,x,w,t,a,m
e,b,w,t,a,g
e,x,n,t,n,d
p,x,n,t,p,u
e,x,n,t,l,p
e,x,n,f,n,g
e,b,y,t,l,m
e,x,y,t,a,m
e,b,y,t,a,m
e,x,y,t,l,m
e,b,w,t,a,g
e,x,g,f,n,u
e,f,n,t,a,g
e,x,g,f,n,g
e,x,w,t,l,m
e,x,y,t,l,m
e,x,g,f,n,u
p,x,n,t,p,u
e,b,w,t,l,g
e,b,w,t,a,m
p,x,n,t,p,u
e,b,y,t,l,m
e,x,w,t,l,m
e,x,y,t,l,m
e,b,y,t,l,g
e,x,w,t,a,m
e,x,w,t,a,g
e,x,n,t,l,p
e,x,w,t,a,m
e,x,n,f,n,g
e,x,n,t,l,p
e,x,y,t,l,g
p,x,n,t,p,g
e,b,y,t,a,g
e,x,w,t,l,d
p,x,n,t,p,u
e,x,y,t,l,g
e,f,g,f,n,g
e,x,w,t,l,g
e,b,w,t,a,m
p,x,n,t,p,u
e,f,n,t,l,g
e,x,w,t,l,m
e,x,w,t,a,d
e,f,n,t,a,p
e,b,w,t,a,m
e,x,w,f,n,g
e,f,g,f,n,u
e,x,w,t,a,g
e,x,y,t,l,g
e,b,y,t,l,g
e,b,y,t,l,g
e,f,w,t,l,d
e,b,w,t,a,m
e,x,y,t,a,d
e,x,w,t,l,m
e,b,y,t,l,m
e,x,n,t,a,p
e,x,w,t,l,m
e,x,w,t,l,m
e,x,y,t,a,p
e,x,w,t,l,m
e,x,y,t,l,m
e,x,n,t,l,g
e,x,w,t,l,g
e,f,n,t,l,g
e,b,w,t,l,m
e,x,n,t,n,d
e,x,w,t,l,m
e,b,w,t,l,g
e,b,y,t,l,m
e,x,y,t,l,d
e,b,w,t,l,m
e,x,g,f,n,g
e,b,w,t,a,g
e,b,y,t,l,m
e,f,y,t,a,p
e,f,n,t,a,p
e,x,w,t,a,m
e,f,y,t,l,g
e,b,w,t,a,g
e,x,y,t,a,m
e,x,n,f,n,u
e,f,n,t,a,g
e,x,w,t,a,m
e,x,y,t,l,g
e,b,y,t,l,g
e,f,y,t,a,p
e,x,y,t,l,g
e,x,w,t,a,m
e,f,w,t,a,d
e,s,g,f,n,u
e,f,y,t,l,d
e,f,g,f,n,u
e,x,n,f,n,u
e,b,w,t,a,g
e,x,w,t,a,d
e,b,y,t,l,m
e,b,y,t,a,m
e,b,y,t,l,g
e,f,w,t,l,d
e,f,g,f,n,u
e,f,w,t,a,d
e,f,y,t,a,g
e,x,w,t,l,m
e,s,n,f,n,u
e,x,n,t,l,p
e,x,n,t,a,p
e,f,y,t,a,d
p,f,n,t,p,g
p,x,n,t,p,u
e,f,n,t,l,p
e,x,y,t,a,g
e,b,y,t,a,m
e,f,w,f,n,g
e,f,n,t,a,g
e,x,w,t,a,g
e,b,y,t,l,m
e,x,y,t,a,g
e,b,y,t,a,g
e,x,w,t,l,m
e,b,y,t,a,m
e,b,y,t,a,g
p,x,n,t,p,g
e,x,g,f,n,g
e,f,n,f,n,g
e,x,w,t,a,d
e,f,g,f,n,u
e,f,n,f,n,u
e,b,y,t,a,g
e,x,w,t,a,d
e,s,g,f,n,u
e,x,n,f,n,u
e,x,w,f,n,g
e,x,n,t,l,p
e,b,y,t,a,g
e,x,w,t,l,g
e,x,y,t,a,g
e,x,w,t,l,m
e,b,w,t,l,g
e,f,y,t,a,p
p,x,n,t,p,u
e,f,g,f,n,u
e,b,y,t,l,g
e,f,n,t,a,p
e,x,y,t,a,m
e,x,n,f,n,u
e,f,y,t,a,p
e,x,n,t,a,p
e,x,w,t,a,g
p,x,w,t,p,g
e,f,n,t,l,p
p,f,n,t,p,g
e,x,w,f,n,g
e,b,w,t,a,m
e,s,n,f,n,u
e,x,y,t,l,m
e,f,w,t,a,d
e,x,y,t,a,m
e,f,g,f,n,g
p,x,w,t,p,g
e,x,y,t,a,g
e,f,n,f,n,g
e,x,w,t,a,m
e,b,y,t,l,m
e,f,g,f,n,u
e,x,y,t,l,d
e,x,y,t,a,m
e,f,n,f,n,u
e,x,g,f,n,g
e,x,y,t,l,p
e,f,w,t,l,d
e,x,y,t,l,g
e,f,y,t,a,p
p,x,n,t,p,u
e,x,w,t,l,d
e,x,w,t,l,g
e,x,y,t,a,m
e,b,y,t,a,g
e,x,y,t,a,d
e,x,y,t,a,d
e,x,w,f,n,g
e,b,w,t,a,m
p,x,w,t,p,g
e,x,y,t,a,g
e,f,g,f,n,g
p,x,n,t,p,g
e,b,w,t,a,m
e,x,w,t,a,m
e,f,y,t,l,d
e,x,y,t,a,g
e,b,w,t,l,g
e,x,n,t,a,g
e,x,y,t,l,g
e,x,n,f,n,u
e,x,y,t,l,g
e,x,y,t,l,g
p,x,n,t,p,g
e,x,w,t,a,m
e,x,y,t,a,m
e,x,w,t,l,g
e,x,y,t,a,g
e,f,y,t,a,g
e,x,w,t,a,m
e,s,g,f,n,u
e,f,n,f,n,u
e,s,g,f,n,u
e,x,w,t,a,m
p,x,w,t,p,u
e,x,g,f,n,g
e,x,y,t,l,g
p,x,w,t,p,g
e,x,y,t,a,m
p,x,n,t,p,u
e,b,y,t,l,m
e,b,w,t,l,m
p,x,w,t,p,g
p,x,n,t,p,u
e,x,g,f,n,g
e,x,n,t,l,g
e,f,w,f,n,g
e,f,n,t,l,p
e,b,w,t,l,m
e,b,w,t,a,g
e,x,g,f,n,g
e,f,n,t,a,g
e,x,w,t,l,m
e,f,g,f,n,u
e,f,n,f,n,g
e,x,g,f,n,g
e,f,w,f,n,g
p,x,w,t,p,u
e,x,y,t,l,g
e,b,w,t,l,g
e,f,g,f,n,g
e,b,w,t,l,g
e,b,y,t,a,m
e,s,g,f,n,u
e,f,y,t,l,g
e,b,w,t,l,g
e,x,w,t,l,d
e,f,y,t,a,p
e,f,g,f,n,u
e,x,w,t,l,m
e,f,y,t,l,d
e,s,g,f,n,u
e,b,w,t,a,g
e,b,w,t,a,g
e,f,n,f,n,g
e,b,y,t,a,m
e,x,n,t,n,d
e,x,n,t,l,g
e,x,n,t,a,g
e,b,y,t,a,m
e,f,y,t,a,g
e,x,y,t,l,m
e,x,n,f,n,g
e,x,w,t,a,m
e,b,y,t,l,m
e,x,n,t,a,g
e,f,n,t,l,p
e,f,n,t,a,g
e,f,y,t,l,p
e,x,y,t,l,d
e,b,w,t,a,m
e,b,w,t,l,m
e,x,y,t,a,g
e,f,w,t,l,d
e,x,y,t,a,g
e,b,y,t,l,m
e,f,y,t,a,g
p,x,n,t,p,g
p,x,w,t,p,u
e,x,y,t,l,g
e,f,w,f,n,g
e,b,y,t,a,g
e,x,y,t,l,p
e,f,g,f,n,u
e,b,w,t,a,g
e,x,w,t,l,m
p,x,n,t,p,g
p,x,n,t,p,g
e,b,w,t,l,g
e,b,y,t,a,m
e,f,n,t,a,g
e,x,y,t,l,g
e,f,y,t,l,p
e,x,w,t,a,g
e,x,y,t,a,g
e,f,n,f,n,u
e,f,n,f,n,g
e,x,y,t,l,d
e,f,y,t,l,p
e,f,n,f,n,u
e,f,g,f,n,u
e,x,n,t,l,g
e,x,y,t,l,p
e,b,w,t,a,m
e,x,w,t,l,d
e,x,w,t,a,m
e,x,y,t,a,d
e,b,y,t,a,g
e,x,n,t,n,d
e,x,w,t,a,m
e,f,g,f,n,u
e,b,w,t,a,m
e,x,y,t,l,m
e,x,w,t,a,g
e,b,y,t,a,g
e,b,w,t,l,g
e,x,n,t,a,p
e,f,g,f,n,g
p,x,n,t,p,g
e,b,w,t,a,g
e,b,y,t,a,m
p,x,n,t,p,g
p,x,n,t,p,u
e,f,n,f,n,g
p,x,n,t,p,g
e,f,g,f,n,g
e,x,y,t,l,p
e,b,w,t,l,m
e,f,y,t,l,p
e,f,y,t,l,p
e,b,y,t,l,m
e,s,n,f,n,u
e,x,w,t,a,m
e,b,y,t,a,m
e,f,y,t,a,p
e,f,n,f,n,g
e,x,w,t,l,m
e,b,y,t,l,g
e,b,y,t,l,g
e,b,y,t,a,m
e,b,w,t,l,m
e,x,y,t,a,p
e,x,n,t,a,g
e,s,n,f,n,u
e,f,n,t,a,g
e,x,w,t,a,g
e,f,y,t,l,d
e,x,n,f,n,g
e,f,y,t,a,g
p,x,n,t,p,g
e,x,w,t,l,g
e,x,w,f,n,g
e,b,w,t,a,m
e,x,w,t,l,m
e,f,y,t,l,g
e,x,n,f,n,g
p,x,w,t,p,g
p,x,w,t,p,u
e,x,w,t,l,g
e,b,w,t,a,g
e,x,w,t,a,d
p,x,w,t,p,u
e,x,w,t,l,g
e,x,g,f,n,u
e,x,n,f,n,u
e,b,w,t,a,m
e,x,n,t,a,g
e,b,w,t,a,m
e,f,y,t,l,p
e,x,w,t,l,g
e,b,w,t,l,g
e,b,w,t,a,m
p,x,n,t,p,u
e,f,y,t,a,d
e,x,n,t,a,p
e,b,y,t,l,g
e,f,w,t,a,d
e,b,y,t,l,g
e,b,y,t,a,m
e,b,y,t,a,g
e,f,y,t,l,g
e,x,w,f,n,g
e,b,y,t,a,m
e,x,n,t,a,p
e,b,w,t,l,g
e,f,n,t,l,g
e,x,w,t,l,g
e,x,n,f,n,u
e,x,n,t,l,p
e,f,g,f,n,g
e,x,w,t,l,d
e,f,n,f,n,u
e,b,y,t,a,m
e,b,w,t,a,m
e,x,w,t,a,g
e,b,y,t,l,m
e,x,y,t,a,m
e,x,y,t,a,d
e,f,g,f,n,g
e,x,y,t,a,g
p,x,n,t,p,u
e,x,n,t,a,g
e,x,y,t,l,g
e,b,w,t,l,m
e,x,y,t,a,m
e,s,n,f,n,u
e,b,y,t,l,m
e,x,w,t,l,m
e,x,w,t,a,g
p,x,n,t,p,g
e,x,n,f,n,u
e,x,y,t,l,g
p,x,n,t,p,g
e,x,y,t,l,p
e,b,y,t,l,g
e,f,n,t,l,p
e,x,w,t,a,g
e,x,y,t,a,g
p,x,n,t,p,g
p,x,n,t,p,u
e,b,y,t,l,g
e,x,w,f,n,g
p,x,w,t,p,g
e,x,n,t,l,p
e,b,w,t,a,m
e,x,y,t,a,g
p,x,n,t,p,u
e,b,y,t,l,g
e,b,w,t,a,g
e,f,y,t,l,g
e,b,w,t,a,g
e,x,y,t,a,g
e,b,y,t,l,m
e,x,y,t,l,d
e,b,y,t,a,m
e,b,y,t,a,m
p,x,w,t,p,u
p,x,w,t,p,g
p,x,n,t,p,u
e,x,w,t,a,m
e,x,n,t,a,g
e,x,y,t,a,g
e,x,w,t,a,d
e,b,w,t,l,g
e,b,y,t,l,m
e,x,g,f,n,u
e,b,y,t,a,m
e,x,w,t,l,g
e,x,n,t,a,p
e,x,y,t,l,m
e,f,w,t,l,d
e,f,w,t,a,d
e,x,w,t,l,m
e,f,y,t,l,d
e,s,g,f,n,u
e,f,y,t,a,d
e,x,n,t,l,g
e,x,y,t,l,g
e,x,y,t,l,p
p,x,n,t,p,g
e,x,y,t,l,m
p,x,w,t,p,u
e,x,y,t,a,g
e,x,w,t,a,g
e,f,y,t,a,d
p,x,n,t,p,g
e,b,w,t,a,g
e,s,g,f,n,u
e,x,y,t,a,g
e,x,g,f,n,g
e,x,y,t,a,m
e,b,w,t,l,g
e,b,y,t,l,m
e,x,w,t,l,d
e,b,w,t,l,g
e,f,n,t,a,g
e,s,g,f,n,u
e,x,w,f,n,g
e,s,n,f,n,u
e,f,n,t,l,p
e,f,y,t,l,d
e,b,y,t,a,g
e,b,y,t,a,m
p,x,n,t,p,g
e,f,n,t,l,p
e,x,y,t,a,g
e,f,y,t,a,g
e,x,w,t,a,g
e,x,y,t,a,m
e,x,y,t,l,g
e,f,n,f,n,u
e,f,y,t,l,p
e,x,g,f,n,u
e,x,y,t,l,g
e,f,n,t,a,p
e,x,y,t,l,g
e,x,y,t,a,m
e,x,n,t,n,d
e,x,w,t,a,m
e,x,y,t,l,p
e,x,w,t,a,m
e,x,w,t,l,g
e,f,y,t,l,g
e,b,y,t,l,g
e,f,w,t,a,d
e,f,g,f,n,g
e,x,w,t,a,g
e,x,w,t,l,g
e,f,y,t,l,g
e,x,w,t,a,d
e,x,y,t,a,g
e,f,y,t,a,g
e,x,y,t,a,p
e,x,y,t,l,g
e,x,n,t,n,d
e,f,y,t,l,g
e,x,w,t,a,g
e,b,y,t,a,m
e,x,y,t,l,m
e,x,n,t,l,g
e,b,y,t,a,g
e,x,w,t,l,m
e,x,w,t,l,m
e,x,y,t,l,g
e,f,y,t,l,p
e,x,w,f,n,g
e,x,n,f,n,g
e,x,w,f,n,g
e,x,y,t,l,m
e,f,w,f,n,g
p,f,n,t,p,g
e,x,g,f,n,g
p,f,n,t,p,u
p,x,n,t,p,g
e,b,w,t,l,g
e,x,g,f,n,g
e,x,w,t,l,g
e,f,g,f,n,g
e,x,g,f,n,g
e,x,w,t,a,g
e,x,w,t,l,m
e,x,g,t,n,d
e,f,n,f,n,g
e,x,w,f,n,g
e,f,n,f,n,g
e,x,n,f,n,g
e,x,y,t,l,g
e,x,y,t,l,d
e,f,w,f,n,g
e,x,n,f,n,g
e,x,g,f,n,g
p,x,n,t,p,u
e,x,g,f,n,u
e,b,w,t,a,m
e,x,g,f,n,g
e,f,g,f,n,g
p,f,n,t,p,g
e,x,y,t,l,g
e,x,n,f,n,u
e,f,w,f,n,g
e,x,y,t,a,m
e,x,n,f,n,g
e,f,g,f,n,g
e,x,e,t,n,d
e,b,y,t,a,g
e,x,w,f,n,g
p,x,w,t,p,g
e,x,g,f,n,g
e,f,g,t,n,d
e,f,n,f,n,g
e,f,w,f,n,g
e,b,w,t,l,g
e,f,n,f,n,g
p,f,n,t,p,u
p,x,w,t,p,u
e,b,y,t,l,g
e,f,g,f,n,g
e,x,g,f,n,g
e,f,n,f,n,g
e,b,w,t,l,m
p,x,w,t,p,u
e,x,n,t,n,d
e,f,w,t,l,d
e,x,y,t,l,m
e,x,n,f,n,g
e,f,w,f,n,g
e,x,n,t,n,d
e,x,n,t,n,d
e,f,g,f,n,g
e,f,g,f,n,g
p,f,n,t,p,g
e,x,n,t,n,d
e,x,n,f,n,g
e,x,w,f,n,g
e,f,n,f,n,g
e,x,n,t,n,d
e,f,n,t,n,d
e,x,g,f,n,g
e,f,n,t,n,d
e,x,g,f,n,g
e,b,w,t,l,g
e,x,n,t,n,d
e,x,y,t,l,g
e,f,g,f,n,g
e,f,n,t,n,d
e,x,y,t,l,m
e,f,g,f,n,g
e,x,n,f,n,g
p,x,w,t,p,u
e,x,w,f,n,g
e,f,w,f,n,g
e,x,w,f,n,g
e,x,g,f,n,g
e,x,y,t,l,g
e,x,y,t,l,m
e,x,g,f,n,g
e,x,n,f,n,g
e,f,n,f,n,u
e,f,w,f,n,g
e,f,w,f,n,g
e,x,y,t,l,m
e,f,w,t,a,d
e,b,w,t,l,m
p,f,w,t,p,u
e,x,g,t,n,d
e,f,n,t,l,g
e,f,n,f,n,g
p,x,w,t,p,g
e,x,n,t,l,g
e,x,g,f,n,g
e,x,w,f,n,g
e,f,w,f,n,g
e,x,n,f,n,g
e,x,w,t,l,g
e,x,w,t,a,m
e,x,w,f,n,g
e,f,y,t,a,p
e,f,n,f,n,g
e,f,g,f,n,g
e,f,y,t,a,d
e,f,n,t,l,g
e,x,n,t,n,d
p,f,n,t,p,g
e,x,n,t,n,d
e,f,n,f,n,g
e,b,y,t,a,m
e,b,w,t,a,g
e,x,w,t,a,m
p,f,w,t,p,u
p,f,w,t,p,g
e,x,n,f,n,u
e,f,y,t,l,d
e,x,y,t,l,m
e,x,w,f,n,g
e,x,g,t,n,d
p,x,n,t,p,g
e,x,g,f,n,g
e,f,n,f,n,g
e,x,w,f,n,g
e,f,w,f,n,g
e,x,y,t,a,m
e,f,y,t,a,d
e,x,g,f,n,u
p,x,n,t,p,u
e,x,y,t,a,p
e,f,n,t,a,p
e,x,w,f,n,g
e,x,n,t,n,d
e,x,g,f,n,g
e,x,w,t,a,g
e,x,g,f,n,g
p,f,n,t,p,u
e,x,n,t,n,d
e,x,g,f,n,g
e,x,e,t,n,d
e,x,n,t,n,d
e,x,g,f,n,g
e,x,y,t,l,p
e,x,n,f,n,g
e,b,y,t,l,g
e,x,w,t,l,d
e,f,g,f,n,g
e,x,y,t,l,g
e,x,n,f,n,g
e,f,w,f,n,g
e,x,y,t,l,d
e,x,g,f,n,g
e,x,g,f,n,g
p,f,w,t,p,u
e,f,y,t,l,d
e,x,w,t,a,g
e,f,w,f,n,g
e,x,n,t,n,d
e,x,n,t,l,g
e,x,w,f,n,g
p,f,w,t,p,g
e,x,y,t,a,g
e,x,g,t,n,d
e,f,y,t,l,p
e,f,g,f,n,g
e,f,n,f,n,u
p,f,w,t,p,g
e,f,g,f,n,g
e,x,n,t,l,p
e,f,w,f,n,g
p,f,n,t,p,u
e,b,y,t,l,m
e,f,g,f,n,g
e,b,w,t,l,g
e,f,g,f,n,g
e,b,w,t,l,m
e,x,w,t,l,m
p,f,n,t,p,g
e,x,y,t,l,g
e,s,n,f,n,u
e,x,n,t,a,g
e,f,g,f,n,g
e,f,y,t,l,d
e,x,g,f,n,g
p,f,n,t,p,u
e,x,g,f,n,g
e,x,g,f,n,g
e,x,g,f,n,g
p,x,n,t,p,g
e,x,n,f,n,g
e,f,w,f,n,g
e,x,g,f,n,g
p,x,n,t,p,g
e,f,n,f,n,g
e,f,w,f,n,g
p,x,w,t,p,u
e,f,g,f,n,g
e,b,y,t,l,g
e,x,n,f,n,g
e,f,n,f,n,g
p,f,w,t,p,g
e,x,n,t,a,g
e,f,w,f,n,g
e,f,n,t,l,g
e,f,g,f,n,g
e,f,g,f,n,g
e,f,g,f,n,g
e,f,n,f,n,g
e,x,g,f,n,g
e,x,w,f,n,g
e,f,w,f,n,g
e,x,n,f,n,g
e,x,n,t,n,d
e,f,y,t,a,d
e,x,w,f,n,g
e,f,w,f,n,g
e,b,y,t,a,g
e,x,w,f,n,g
e,x,g,f,n,g
p,f,n,t,p,u
e,x,g,f,n,g
p,x,n,t,p,g
e,f,w,f,n,g
e,x,w,t,a,g
e,x,n,f,n,g
e,x,n,t,n,d
e,b,y,t,l,g
e,f,w,f,n,g
e,x,n,f,n,g
e,f,w,f,n,g
e,x,n,t,n,d
e,f,w,f,n,g
e,x,w,f,n,g
e,x,n,f,n,g
e,x,w,f,n,g
e,f,g,f,n,g
e,x,g,f,n,g
e,x,g,f,n,g
e,f,n,f,n,g
e,f,w,f,n,g
e,f,n,t,a,p
p,x,w,t,p,g
e,f,g,f,n,g
p,x,w,t,p,g
e,b,w,t,a,m
e,x,g,f,n,g
e,f,g,f,n,g
e,f,w,f,n,g
e,f,g,f,n,g
e,b,w,t,a,g
e,x,g,f,n,g
e,x,e,t,n,d
e,x,y,t,a,p
e,x,w,f,n,g
e,b,w,t,a,m
p,x,n,t,p,g
e,x,n,t,n,d
e,f,n,f,n,g
e,b,w,t,a,m
e,x,g,f,n,g
e,x,n,t,n,d
e,f,w,f,n,g
e,x,n,f,n,u
e,x,g,f,n,u
e,x,g,f,n,u
e,b,y,t,l,m
e,f,n,f,n,u
e,x,w,f,n,g
e,f,n,t,a,p
e,x,n,t,l,p
e,x,y,t,l,g
e,f,g,f,n,g
e,x,w,t,a,g
e,x,w,t,a,g
e,f,w,f,n,g
e,f,g,f,n,g
p,f,n,t,p,u
e,x,y,t,l,g
e,x,n,f,n,g
e,x,w,f,n,g
e,x,y,t,l,m
e,x,e,t,n,d
e,f,n,t,l,p
e,b,w,t,a,g
p,x,n,t,p,g
e,x,g,f,n,g
e,b,w,t,a,m
e,x,w,t,l,g
e,b,y,t,l,m
e,x,w,t,l,g
e,x,y,t,a,g
e,b,w,t,a,g
e,f,n,f,n,g
p,f,w,t,p,g
e,f,n,f,n,g
e,f,n,f,n,g
p,f,w,t,p,u
e,f,w,f,n,g
e,x,w,f,n,g
e,x,n,f,n,g
e,f,n,f,n,g
e,f,y,t,a,g
e,x,g,f,n,g
e,x,n,f,n,g
p,f,n,t,p,g
e,x,w,f,n,g
e,f,n,f,n,g
e,f,w,f,n,g
e,f,w,f,n,g
e,x,y,t,a,g
e,x,g,f,n,g
e,x,g,f,n,g
e,f,n,f,n,g
e,f,n,f,n,g
e,x,w,f,n,g
e,x,e,t,n,d
e,x,n,f,n,g
p,x,w,t,p,g
e,x,n,t,n,d
e,x,n,f,n,g
p,f,w,t,p,g
e,f,g,f,n,g
e,x,w,f,n,g
e,f,n,f,n,g
e,f,g,f,n,g
e,f,g,f,n,g
e,f,g,f,n,g
e,x,g,f,n,g
e,x,n,f,n,g
p,f,w,t,p,u
e,x,g,f,n,g
p,x,w,t,p,g
p,f,w,t,p,u
e,f,n,f,n,g
e,x,g,f,n,g
e,f,g,f,n,g
e,x,g,f,n,g
e,f,g,f,n,g
e,f,g,f,n,g
e,x,g,t,n,d
e,x,n,t,n,d
e,f,w,f,n,g
p,f,w,t,p,g
p,f,n,t,p,g
e,x,w,f,n,g
p,f,n,t,p,g
e,f,n,f,n,g
e,f,w,f,n,g
p,f,n,t,p,g
p,f,w,t,p,g
p,f,n,t,p,g
p,f,w,t,p,g
e,x,w,f,n,g
e,x,n,t,n,d
e,f,w,f,n,g
e,f,g,f,n,g
p,f,n,t,p,u
e,x,w,f,n,g
e,x,e,t,n,d
e,f,g,f,n,g
e,x,w,f,n,g
p,f,w,t,p,g
e,f,n,f,n,g
e,x,w,f,n,g
p,f,w,t,p,u
e,x,n,f,n,g
e,f,w,f,n,g
e,x,w,f,n,g
e,f,w,f,n,g
e,b,y,t,a,m
e,x,g,f,n,g
e,x,w,f,n,g
e,x,n,f,n,g
e,x,n,f,n,g
e,f,g,f,n,g
p,x,n,t,p,u
e,f,g,f,n,g
e,x,n,t,n,d
e,f,w,f,n,g
e,x,n,t,n,d
e,x,g,f,n,g
e,x,w,f,n,g
p,f,w,t,p,g
p,f,w,t,p,g
e,x,g,f,n,g
e,x,n,t,n,d
e,x,g,f,n,g
e,x,y,t,a,p
e,f,w,f,n,g
e,x,w,f,n,g
e,x,g,f,n,g
e,f,w,f,n,g
e,x,n,t,n,d
e,f,g,f,n,g
e,f,g,f,n,g
e,f,n,f,n,g
e,f,w,f,n,g
e,f,w,f,n,g
e,f,g,f,n,g
e,f,w,f,n,g
e,f,n,f,n,g
p,f,w,t,p,g
e,x,g,f,n,g
e,b,y,t,l,g
e,f,n,f,n,g
e,f,g,f,n,g
e,x,n,t,n,d
e,b,y,t,l,m
e,x,w,f,n,g
e,f,n,t,n,d
p,x,w,t,p,g
e,f,w,f,n,g
p,f,w,t,p,u
e,x,n,f,n,g
e,f,n,f,n,g
e,b,y,t,l,g
e,f,g,f,n,g
e,x,g,f,n,g
e,f,g,f,n,g
e,x,g,f,n,g
e,f,w,f,n,g
p,f,n,t,p,g
e,f,g,f,n,g
e,f,w,f,n,g
e,x,n,t,n,d
e,x,n,f,n,g
e,x,e,t,n,d
e,x,y,t,a,g
e,f,w,f,n,g
e,x,w,f,n,g
e,f,n,f,n,g
p,f,w,t,p,u
e,f,g,t,n,d
e,f,w,f,n,g
e,f,w,f,n,g
p,f,n,t,p,g
e,x,w,f,n,g
e,x,n,t,n,d
e,x,g,t,n,d
e,x,g,t,n,d
e,f,n,f,n,g
e,f,w,f,n,g
e,f,n,f,n,g
e,x,n,f,n,g
e,f,w,f,n,g
e,x,n,f,n,g
e,f,w,f,n,g
e,f,n,f,n,g
e,f,w,f,n,g
e,f,n,f,n,g
p,f,n,t,p,u
e,f,w,f,n,g
e,f,w,f,n,g
e,x,n,f,n,g
e,f,w,f,n,g
e,x,g,f,n,g
e,f,n,f,n,g
e,x,g,t,n,d
e,f,w,f,n,g
e,f,n,f,n,g
e,x,n,f,n,g
e,x,w,f,n,g
e,b,y,t,l,g
p,x,n,t,p,g
p,f,n,t,p,g
e,f,w,f,n,g
e,f,n,f,n,g
p,f,n,t,p,g
e,f,n,f,n,g
p,x,w,t,p,u
e,f,n,f,n,g
p,f,w,t,p,u
e,f,n,f,n,g
e,f,g,f,n,g
e,x,g,f,n,g
e,f,n,f,n,g
e,x,g,t,n,d
e,x,n,t,n,d
e,x,n,f,n,g
e,x,g,t,n,d
e,x,w,f,n,g
e,f,w,f,n,g
e,x,w,f,n,g
e,f,g,f,n,g
e,x,n,t,n,d
e,x,w,f,n,g
e,x,n,f,n,g
e,f,g,f,n,g
p,f,w,t,p,g
e,f,n,f,n,g
e,f,y,t,a,g
e,x,g,t,n,d
e,f,g,f,n,g
e,x,g,f,n,g
p,f,w,t,p,u
e,x,w,f,n,g
e,x,w,f,n,g
e,f,g,f,n,g
e,f,n,f,n,g
e,x,n,f,n,g
e,f,n,f,n,g
e,f,n,f,n,g
e,x,w,f,n,g
e,f,w,f,n,g
e,f,n,f,n,g
e,x,w,t,l,m
e,x,n,f,n,g
e,x,g,f,n,g
e,f,w,f,n,g
p,x,w,t,p,u
e,x,w,f,n,g
e,x,n,t,n,d
e,f,g,f,n,g
e,x,g,f,n,g
e,f,n,f,n,g
e,f,n,f,n,g
e,x,g,f,n,g
e,f,n,t,l,p
p,f,n,t,p,u
e,x,n,f,n,g
e,x,n,t,n,d
p,f,w,t,p,g
p,x,w,t,p,u
p,f,n,t,p,u
e,x,n,t,n,d
e,b,w,t,l,m
p,f,w,t,p,g
e,f,w,f,n,g
e,x,w,f,n,g
e,x,n,t,n,d
e,x,n,f,n,g
e,f,n,f,n,g
e,f,n,f,n,g
p,f,n,t,p,u
p,f,w,t,p,g
e,x,n,f,n,g
e,f,g,f,n,g
e,x,n,t,n,d
e,f,g,f,n,g
e,f,n,f,n,g
p,f,n,t,p,u
e,x,n,f,n,g
p,f,n,t,p,g
e,x,g,f,n,g
e,f,w,f,n,g
e,x,w,f,n,g
e,x,n,t,n,d
e,x,n,f,n,g
p,f,w,t,p,u
e,x,n,t,n,d
e,x,w,f,n,g
e,f,w,f,n,g
e,x,w,t,a,d
e,x,n,f,n,g
e,x,g,t,n,d
e,x,n,t,n,d
e,x,y,t,a,d
e,f,g,f,n,g
e,x,n,f,n,g
e,x,e,t,n,d
e,f,g,f,n,g
p,f,w,t,p,u
e,f,w,f,n,g
e,x,g,f,n,g
e,f,n,f,n,g
e,f,n,f,n,g
e,x,w,f,n,g
p,f,w,t,p,g
e,x,w,f,n,g
e,f,n,f,n,g
e,x,n,f,n,g
e,x,g,f,n,g
e,x,n,f,n,g
e,f,y,t,l,g
p,x,n,t,p,u
e,x,w,f,n,g
e,f,w,f,n,g
e,x,n,f,n,g
p,f,n,t,p,g
e,f,g,f,n,g
p,f,w,t,p,u
e,f,n,f,n,g
e,x,g,f,n,g
e,x,g,f,n,g
e,f,n,f,n,g
e,f,g,f,n,g
e,x,w,f,n,g
e,x,n,f,n,g
e,x,g,f,n,g
e,f,n,f,n,g
e,b,y,t,a,m
e,f,g,f,n,g
e,x,g,f,n,g
e,f,w,f,n,g
e,x,n,t,n,d
p,f,n,t,p,u
e,x,n,t,n,d
e,x,n,f,n,g
e,x,n,t,n,d
e,x,w,f,n,g
e,f,g,f,n,g
e,f,n,f,n,g
e,x,y,t,a,m
e,x,w,t,a,d
e,f,g,f,n,g
e,f,n,f,n,g
e,f,n,f,n,g
e,b,y,t,a,g
e,x,n,f,n,g
e,x,w,t,l,g
e,f,w,f,n,g
e,x,w,f,n,g
e,x,n,f,n,g
e,x,n,f,n,g
e,x,n,f,n,g
e,x,n,t,n,d
e,f,g,f,n,g
e,x,y,t,a,m
e,x,w,f,n,g
p,f,w,t,p,u
e,f,w,f,n,g
p,f,w,t,p,u
e,f,g,f,n,g
e,f,g,f,n,g
p,x,w,t,p,g
e,x,g,f,n,g
p,x,w,t,p,u
e,x,g,f,n,g
e,f,w,f,n,g
p,f,w,t,p,g
e,x,w,f,n,g
e,x,n,f,n,g
e,x,w,f,n,g
e,x,w,f,n,g
e,x,e,t,n,d
p,f,n,t,p,u
e,f,g,f,n,g
e,x,y,t,a,g
e,x,n,f,n,g
e,f,n,f,n,g
e,b,w,t,l,m
e,f,g,f,n,g
e,f,w,f,n,g
e,f,n,f,n,g
p,f,n,t,p,u
e,x,n,f,n,g
e,b,y,t,a,g
e,f,g,f,n,g
e,f,n,f,n,g
e,x,g,f,n,g
e,f,g,f,n,g
e,x,n,f,n,g
e,x,n,t,n,d
e,b,w,t,l,m
e,x,g,t,n,d
p,f,n,t,p,g
e,x,w,f,n,g
p,f,n,t,p,u
e,f,n,f,n,g
e,f,n,f,n,g
e,x,w,f,n,g
e,x,n,f,n,g
e,f,n,f,n,g
e,x,y,t,l,g
e,f,w,f,n,g
e,x,w,f,n,g
p,x,n,t,p,g
e,f,g,f,n,g
p,f,n,t,p,g
e,f,w,f,n,g
e,x,n,t,n,d
e,x,g,f,n,g
p,f,n,t,p,u
e,f,g,f,n,g
p,x,w,t,p,u
e,x,n,t,n,d
e,x,n,f,n,g
e,x,y,t,a,p
e,f,w,f,n,g
e,f,w,f,n,g
e,x,g,f,n,g
e,f,g,f,n,g
e,f,w,f,n,g
e,x,g,f,n,g
e,f,g,f,n,g
e,x,g,t,n,d
e,x,g,f,n,g
e,f,g,f,n,g
e,x,n,t,l,g
e,x,g,t,n,d
e,f,g,f,n,g
e,f,w,f,n,g
e,f,n,f,n,g
e,f,w,f,n,g
e,f,n,f,n,g
e,f,g,f,n,g
e,x,n,f,n,g
e,x,n,t,n,d
e,x,n,f,n,g
e,x,n,f,n,g
e,f,w,f,n,g
e,x,n,f,n,u
p,f,w,t,p,u
p,f,n,t,p,g
e,x,n,t,n,d
e,x,w,f,n,g
e,f,g,f,n,g
e,x,n,f,n,g
e,x,n,f,n,g
e,x,g,f,n,g
e,f,g,f,n,g
e,f,n,f,n,g
e,f,g,f,n,g
e,x,e,t,n,d
p,f,w,t,p,u
e,x,n,f,n,g
e,x,n,t,n,d
p,f,n,t,p,u
p,f,w,t,p,g
p,f,w,t,p,u
e,f,w,f,n,g
e,f,n,f,n,g
e,f,n,f,n,g
e,x,n,f,n,g
e,f,n,f,n,g
p,f,w,t,p,g
p,f,w,t,p,g
e,f,g,f,n,g
e,x,n,f,n,g
e,x,n,f,n,g
e,x,n,t,n,d
e,x,n,t,n,d
e,f,w,f,n,g
e,f,w,f,n,g
e,x,w,f,n,g
e,x,y,t,l,m
e,f,g,f,n,g
e,x,w,f,n,g
e,x,n,f,n,g
e,x,n,f,n,g
e,x,w,f,n,g
e,x,n,f,n,g
e,x,g,f,n,g
e,x,g,f,n,g
e,f,w,f,n,g
e,x,n,f,n,g
e,f,g,f,n,g
e,f,w,f,n,g
e,x,w,f,n,g
e,f,g,f,n,g
e,x,g,f,n,g
e,x,y,t,a,g
e,x,y,t,l,g
e,x,w,f,n,g
p,x,n,t,p,g
e,x,w,f,n,g
p,x,w,t,p,u
e,x,g,t,n,d
p,f,w,t,p,u
e,x,y,t,l,g
e,x,w,t,l,m
e,f,n,t,l,p
e,x,w,f,n,g
e,f,n,f,n,g
e,x,g,f,n,g
e,x,w,f,n,g
e,f,n,f,n,g
e,f,n,f,n,g
e,x,g,f,n,g
e,b,w,t,l,g
e,x,g,f,n,g
e,x,y,t,l,m
p,f,w,t,p,g
e,f,w,f,n,g
e,f,n,f,n,g
e,f,g,f,n,g
e,f,g,f,n,g
e,x,n,t,n,d
e,x,n,t,n,d
e,x,y,t,a,p
e,x,g,t,n,d
e,f,g,f,n,g
e,f,n,f,n,g
e,f,w,f,n,g
e,x,g,f,n,g
e,f,w,f,n,g
e,f,g,f,n,g
e,x,g,f,n,g
e,x,n,f,n,g
e,x,n,t,n,d
e,f,w,f,n,g
e,f,n,f,n,g
p,f,n,t,p,g
e,x,n,t,n,d
e,x,n,f,n,g
e,f,w,f,n,g
p,f,n,t,p,u
e,f,g,f,n,g
e,x,g,t,n,d
e,x,w,f,n,g
e,x,g,f,n,g
e,x,n,t,n,d
e,x,g,f,n,g
e,f,w,f,n,g
e,x,g,t,n,d
e,x,w,t,l,g
e,x,w,t,l,m
e,f,g,f,n,g
e,f,w,f,n,g
e,f,n,f,n,g
e,f,w,f,n,g
e,x,n,f,n,g
e,x,n,f,n,g
e,b,y,t,a,m
p,f,w,t,p,g
e,x,n,f,n,g
e,f,n,f,n,g
e,x,n,t,a,g
e,x,g,f,n,g
e,f,w,f,n,g
p,x,n,t,p,u
e,f,g,f,n,g
e,x,w,f,n,g
p,f,n,t,p,g
e,x,n,f,n,g
e,x,n,f,n,g
e,x,n,t,n,d
e,f,w,f,n,g
p,f,w,t,p,u
e,x,w,f,n,g
e,f,n,f,n,g
e,f,g,f,n,g
e,x,w,f,n,g
e,f,n,t,l,g
p,f,w,t,p,g
e,x,w,f,n,g
e,f,n,f,n,u
p,f,n,t,p,u
e,f,w,f,n,g
e,x,g,f,n,g
e,f,y,t,a,p
e,x,w,f,n,g
e,x,w,f,n,g
p,f,n,t,p,g
e,f,n,f,n,g
e,f,g,f,n,g
e,x,n,f,n,g
e,x,n,t,n,d
e,x,g,f,n,g
e,x,g,f,n,g
e,x,w,f,n,g
e,f,g,f,n,g
e,x,n,t,n,d
e,x,w,f,n,g
p,x,w,t,p,u
e,f,g,f,n,g
e,x,n,f,n,g
e,x,n,t,n,d
e,x,y,t,a,g
e,x,g,f,n,g
e,x,n,f,n,g
e,x,w,f,n,g
e,x,y,t,a,g
e,x,n,t,n,d
e,x,w,f,n,g
e,x,w,f,n,g
p,f,n,t,p,u
p,f,w,t,p,u
e,x,n,f,n,g
e,x,g,f,n,u
e,f,n,f,n,g
e,x,w,f,n,g
p,f,w,t,p,g
e,b,y,t,a,g
e,x,n,f,n,g
p,f,n,t,p,u
e,x,g,f,n,g
e,x,g,f,n,g
e,x,w,f,n,g
p,f,w,t,p,u
e,f,w,f,n,g
e,x,n,f,n,g
e,f,n,f,n,g
e,x,n,f,n,g
p,f,n,t,p,g
e,x,w,f,n,g
e,f,w,f,n,g
p,f,w,t,p,u
e,f,g,f,n,g
e,f,n,t,n,d
e,x,g,f,n,g
e,x,g,t,n,d
e,x,n,t,n,d
e,f,n,t,n,d
e,f,e,t,n,d
e,f,g,f,n,g
e,x,g,t,n,d
e,x,g,t,n,d
e,x,g,f,n,g
p,f,n,t,p,g
e,f,n,t,n,d
p,x,n,t,p,g
e,x,w,t,a,g
e,x,w,f,n,g
e,x,y,t,a,g
p,x,g,f,f,g
e,f,n,f,n,g
e,f,w,f,n,g
e,x,n,t,n,d
e,f,n,f,n,g
e,x,n,f,n,g
p,x,w,t,p,u
e,f,n,t,n,d
e,x,w,t,l,g
e,f,g,f,n,g
e,x,e,t,n,d
e,f,w,f,n,g
e,x,g,f,n,g
e,x,n,t,n,d
e,x,g,t,n,d
e,x,g,t,n,d
e,f,w,f,n,g
e,x,g,t,n,d
e,x,n,t,n,d
e,x,e,t,n,d
e,x,n,t,n,d
e,f,w,f,n,g
e,x,n,t,n,d
e,x,g,f,n,g
e,x,g,f,n,g
e,f,w,f,n,g
e,x,g,t,n,d
p,f,n,t,p,u
e,x,e,t,n,d
e,f,w,f,n,g
e,f,g,f,n,g
e,x,g,t,n,d
e,f,g,t,n,d
e,x,n,t,n,d
e,f,e,t,n,d
e,x,w,f,n,g
e,x,e,t,n,d
e,x,n,t,n,d
e,x,g,t,n,d
e,x,n,t,n,d
e,x,y,t,a,d
e,x,e,t,n,d
p,f,w,t,p,g
e,x,w,f,n,g
e,x,e,t,n,d
e,x,n,t,n,d
e,x,w,f,n,g
e,x,g,t,n,d
e,x,g,f,n,g
e,x,e,t,n,d
e,x,n,t,n,d
e,x,w,f,n,g
e,x,n,f,n,g
e,x,w,f,n,g
e,x,n,f,n,g
e,f,e,t,n,d
e,f,w,f,n,g
e,f,g,f,n,g
e,x,e,t,n,d
e,x,e,t,n,d
e,x,g,t,n,d
e,x,e,t,n,d
e,f,n,f,n,g
e,x,w,f,n,g
e,x,w,f,n,g
e,x,w,f,n,g
e,x,e,t,n,d
e,x,n,t,n,d
e,f,n,t,n,d
e,f,w,t,l,d
e,f,w,f,n,g
p,f,w,t,p,g
e,f,g,t,n,d
e,x,n,t,n,d
e,x,w,f,n,g
e,x,w,f,n,g
e,x,n,f,n,g
e,x,n,f,n,g
e,x,g,f,n,g
e,x,n,t,n,d
e,x,n,t,n,d
e,f,g,f,n,g
e,f,n,f,n,g
e,x,g,f,n,g
e,f,g,t,n,d
e,x,w,f,n,g
e,f,n,f,n,g
e,f,w,f,n,g
e,x,g,f,n,g
e,f,n,f,n,g
e,f,n,f,n,g
e,x,n,t,n,d
e,f,g,f,n,g
e,f,w,f,n,g
e,x,e,t,n,d
e,x,g,t,n,d
e,x,e,t,n,d
e,x,g,f,n,g
e,f,g,f,n,g
e,f,y,t,l,g
p,f,w,t,p,u
e,f,n,f,n,g
e,f,n,f,n,g
e,f,n,t,n,d
e,x,e,t,n,d
e,f,g,f,n,g
e,x,n,f,n,g
e,x,g,f,n,g
e,x,e,t,n,d
e,f,n,t,n,d
e,x,n,f,n,g
e,x,n,f,n,g
e,f,w,f,n,g
e,f,g,f,n,g
p,f,w,t,p,u
e,b,w,t,a,g
e,x,n,t,n,d
e,f,g,f,n,g
e,x,n,f,n,g
e,x,n,f,n,g
e,f,w,t,l,d
e,x,w,f,n,g
e,x,w,f,n,g
e,x,g,f,n,g
e,x,e,t,n,d
e,f,n,t,n,d
e,x,n,t,n,d
e,f,w,f,n,g
e,f,n,f,n,g
p,f,w,t,p,u
e,f,n,f,n,g
e,x,g,t,n,d
e,x,g,t,n,d
e,x,g,f,n,g
e,x,g,t,n,d
e,x,e,t,n,d
e,x,g,t,n,d
e,x,g,t,n,d
e,x,n,t,n,d
p,x,w,t,p,g
e,x,n,f,n,g
e,x,n,t,n,d
e,x,g,t,n,d
p,f,n,t,p,g
e,x,g,t,n,d
e,x,g,f,n,g
e,x,e,t,n,d
e,f,n,f,n,g
e,f,w,f,n,g
e,f,n,f,n,g
e,x,e,t,n,d
e,f,n,f,n,g
e,f,n,t,n,d
e,f,w,f,n,g
e,x,n,f,n,g
e,f,n,f,n,g
p,x,n,t,p,u
e,x,n,t,n,d
e,f,n,f,n,g
p,f,w,t,p,g
e,x,n,t,n,d
e,x,g,t,n,d
e,f,n,f,n,g
e,x,e,t,n,d
e,f,w,f,n,g
e,x,w,f,n,g
e,x,w,t,l,m
e,x,w,f,n,g
e,x,g,t,n,d
e,x,g,t,n,d
e,x,g,f,n,g
p,f,w,t,p,u
e,x,e,t,n,d
p,f,n,t,p,u
p,f,n,t,p,g
e,x,g,t,n,d
e,f,n,f,n,g
e,x,g,t,n,d
e,x,n,f,n,g
e,x,n,t,n,d
e,f,n,f,n,g
e,f,n,f,n,g
e,x,n,f,n,g
e,x,n,f,n,g
e,x,n,t,n,d
e,x,e,t,n,d
e,f,n,f,n,g
e,x,n,t,n,d
p,f,w,t,p,u
e,x,y,t,l,g
p,f,n,t,p,g
e,f,w,f,n,g
e,f,n,f,n,g
p,f,n,t,p,g
e,x,n,f,n,g
e,x,n,f,n,g
e,x,e,t,n,d
e,f,n,f,n,g
e,x,w,f,n,g
e,f,g,f,n,g
e,f,w,f,n,g
e,f,y,t,a,d
e,f,w,t,a,d
e,f,n,f,n,g
e,x,n,t,n,d
e,x,g,t,n,d
e,x,n,t,n,d
e,x,n,f,n,g
e,x,g,t,n,d
e,x,n,t,n,d
e,x,g,f,n,g
e,x,n,t,n,d
e,x,n,f,n,g
e,b,w,t,l,m
e,x,e,t,n,d
e,f,n,f,n,g
e,x,e,t,n,d
e,f,n,t,n,d
e,x,g,t,n,d
e,x,g,f,n,g
e,x,n,f,n,g
e,x,g,f,n,g
e,x,g,f,n,g
e,x,e,t,n,d
e,f,g,t,n,d
e,f,n,t,n,d
e,x,n,f,n,g
e,f,n,f,n,g
e,x,w,f,n,g
e,x,y,t,a,p
e,x,e,t,n,d
e,x,n,f,n,g
e,x,n,t,n,d
e,f,g,t,n,d
e,x,w,f,n,g
e,x,w,t,a,m
e,x,n,f,n,g
e,f,w,f,n,g
e,f,n,t,n,d
e,f,w,f,n,g
e,x,g,t,n,d
e,x,n,t,n,d
e,x,w,f,n,g
e,x,w,t,a,m
e,f,g,f,n,g
p,f,n,t,p,g
e,f,g,f,n,g
e,x,n,t,n,d
e,x,w,f,n,g
e,x,n,t,n,d
e,x,e,t,n,d
p,f,n,t,p,u
e,f,g,f,n,g
e,x,g,t,n,d
e,f,g,t,n,d
e,x,g,t,n,d
e,x,g,t,n,d
e,x,n,t,n,d
p,x,w,t,p,u
e,x,y,t,l,m
e,x,n,t,n,d
e,f,n,t,n,d
e,x,g,f,n,g
e,x,e,t,n,d
e,x,g,f,n,g
e,f,w,f,n,g
e,x,n,t,n,d
e,f,n,t,n,d
e,f,g,f,n,g
e,f,g,f,n,g
e,f,n,f,n,g
e,x,g,t,n,d
e,x,e,t,n,d
p,f,n,t,p,u
e,x,g,t,n,d
e,x,w,f,n,g
e,b,w,t,a,m
e,x,w,f,n,g
e,f,n,f,n,g
e,x,g,t,n,d
e,f,g,t,n,d
e,x,g,f,n,g
p,x,w,t,p,g
e,x,n,f,n,g
e,x,g,t,n,d
e,f,g,t,n,d
e,x,n,t,n,d
e,x,e,t,n,d
e,f,n,t,n,d
e,x,e,t,n,d
e,f,n,t,n,d
e,x,e,t,n,d
e,x,g,t,n,d
e,f,g,t,n,d
e,x,e,t,n,d
e,x,e,t,n,d
p,x,w,t,p,g
e,x,e,t,n,d
e,x,g,t,n,d
e,x,n,t,n,d
e,x,e,t,n,d
e,x,g,t,n,d
e,x,g,t,n,d
e,x,g,t,n,d
e,x,e,t,n,d
e,f,e,t,n,d
e,f,n,t,n,d
e,x,n,t,n,d
e,f,g,t,n,d
e,x,e,t,n,d
e,x,g,t,n,d
e,x,g,t,n,d
p,x,g,f,f,g
p,f,w,t,p,g
e,x,e,t,n,d
e,x,w,f,n,g
e,x,n,t,n,d
e,f,n,t,n,d
e,x,n,t,n,d
e,x,g,t,n,d
e,x,g,t,n,d
e,x,e,t,n,d
e,x,n,t,n,d
e,x,g,t,n,d
e,x,e,t,n,d
e,x,e,t,n,d
e,x,n,t,n,d
e,x,e,t,n,d
e,f,n,t,n,d
e,f,n,t,n,d
e,x,n,t,n,d
p,f,n,t,p,u
e,f,e,t,n,d
p,x,w,t,p,g
e,x,e,t,n,d
e,f,n,t,n,d
e,x,n,t,n,d
e,f,e,t,n,d
e,x,e,t,n,d
e,x,g,t,n,d
e,x,n,t,n,d
e,f,n,t,n,d
e,f,n,t,n,d
e,x,e,t,n,d
e,x,n,t,n,d
e,x,e,t,n,d
e,f,g,t,n,d
e,x,n,t,n,d
e,f,n,t,n,d
e,x,e,t,n,d
e,x,e,t,n,d
e,x,g,t,n,d
e,x,g,t,n,d
e,x,e,t,n,d
e,x,g,t,n,d
e,x,g,t,n,d
e,f,g,t,n,d
e,x,g,t,n,d
e,x,e,t,n,d
e,f,n,t,n,d
e,f,n,t,n,d
e,x,e,t,n,d
p,x,g,f,f,d
e,x,g,t,n,d
e,x,e,t,n,d
e,x,n,t,n,d
e,f,n,t,n,d
e,x,e,t,n,d
e,f,n,t,n,d
e,f,n,t,n,d
e,f,g,t,n,d
e,x,e,t,n,d
e,x,g,t,n,d
e,x,g,t,n,d
e,x,n,t,n,d
e,x,g,t,n,d
e,x,g,f,n,g
e,x,e,t,n,d
e,f,g,t,n,d
e,x,e,t,n,d
e,f,g,t,n,d
e,x,g,t,n,d
e,x,g,t,n,d
e,f,g,t,n,d
e,x,w,f,n,g
e,x,n,t,n,d
e,f,n,t,n,d
e,f,g,t,n,d
e,x,g,t,n,d
e,x,e,t,n,d
e,x,e,t,n,d
e,x,n,t,n,d
e,f,g,t,n,d
e,x,g,t,n,d
p,x,p,f,c,d
e,x,n,t,n,d
e,f,g,t,n,d
e,x,e,t,n,d
e,f,n,t,n,d
e,x,n,t,n,d
e,x,g,t,n,d
e,f,n,t,n,d
e,x,n,t,n,d
e,x,n,t,n,d
e,x,e,t,n,d
e,f,g,t,n,d
e,x,e,t,n,d
e,x,e,t,n,d
e,f,n,t,n,d
e,x,e,t,n,d
e,x,e,t,n,d
e,x,w,f,n,g
e,x,g,t,n,d
e,x,e,t,n,d
e,x,g,t,n,d
e,x,e,t,n,d
e,x,g,t,n,d
e,f,e,t,n,d
e,f,g,t,n,d
e,x,e,t,n,d
e,x,g,t,n,d
e,f,g,f,n,g
p,x,g,f,f,p
e,x,e,t,n,d
e,x,e,t,n,d
p,f,w,t,p,g
e,f,n,t,n,d
e,x,e,t,n,d
e,x,e,t,n,d
e,x,g,t,n,d
e,x,g,t,n,d
e,x,g,f,n,g
e,x,n,t,n,d
e,f,e,t,n,d
e,x,g,t,n,d
e,f,n,t,n,d
e,f,g,f,n,g
e,f,g,t,n,d
e,x,n,t,n,d
e,f,g,t,n,d
e,f,n,t,n,d
e,x,g,t,n,d
e,x,e,t,n,d
e,x,n,t,n,d
e,f,g,f,n,g
e,x,n,t,n,d
e,f,n,t,n,d
e,x,e,t,n,d
e,x,e,t,n,d
e,x,n,t,n,d
e,f,w,f,n,g
e,x,n,t,n,d
e,x,e,t,n,d
e,x,g,t,n,d
e,f,g,t,n,d
e,f,n,f,n,g
e,f,g,t,n,d
e,x,e,t,n,d
e,f,g,t,n,d
e,x,n,t,n,d
e,x,e,t,n,d
e,x,n,t,n,d
e,x,g,t,n,d
e,f,g,t,n,d
e,x,n,t,n,d
e,x,n,t,n,d
e,x,e,t,n,d
e,f,g,t,n,d
e,x,n,t,n,d
p,x,p,f,c,d
e,f,g,t,n,d
e,f,n,t,n,d
p,f,n,t,p,u
e,x,n,t,n,d
e,x,g,t,n,d
e,x,e,t,n,d
e,x,e,t,n,d
e,x,e,t,n,d
e,x,g,t,n,d
e,f,w,f,n,g
e,x,g,t,n,d
e,x,n,f,n,g
e,x,n,t,n,d
e,x,g,t,n,d
e,x,e,t,n,d
e,x,n,t,n,d
e,x,g,t,n,d
e,x,g,t,n,d
e,x,g,t,n,d
e,x,g,t,n,d
e,f,g,t,n,d
e,x,e,t,n,d
e,x,e,t,n,d
e,x,n,t,n,d
e,x,n,t,n,d
e,f,n,t,n,d
e,f,n,t,n,d
e,x,g,t,n,d
e,x,e,t,n,d
e,f,n,t,n,d
e,x,e,t,n,d
e,f,n,t,n,d
e,x,g,t,n,d
e,f,n,t,n,d
e,x,g,t,n,d
e,x,e,t,n,d
e,x,n,t,n,d
e,x,g,t,n,d
e,x,e,t,n,d
e,x,n,t,n,d
e,f,n,t,n,d
e,f,g,t,n,d
e,x,n,t,n,d
e,x,e,t,n,d
e,f,n,t,n,d
e,x,n,t,n,d
e,f,n,t,n,d
e,x,e,t,n,d
e,x,e,t,n,d
e,x,g,t,n,d
e,x,g,t,n,d
e,f,e,t,n,d
e,x,n,t,n,d
e,x,e,t,n,d
e,x,g,t,n,d
e,x,g,t,n,d
e,x,e,t,n,d
e,f,n,t,n,d
e,x,n,t,n,d
e,x,g,t,n,d
e,x,w,f,n,g
e,f,g,t,n,d
e,f,g,f,n,g
e,f,n,t,n,d
e,x,e,t,n,d
p,f,w,t,p,u
e,x,g,t,n,d
e,f,n,t,n,d
e,x,g,t,n,d
e,x,e,t,n,d
e,f,g,t,n,d
e,x,n,t,n,d
e,x,e,t,n,d
e,x,n,t,n,d
e,x,n,t,n,d
e,f,n,t,n,d
e,x,g,t,n,d
e,x,n,t,n,d
e,x,e,t,n,d
e,f,n,t,n,d
e,x,e,t,n,d
e,f,w,f,n,g
e,x,n,t,n,d
e,x,g,t,n,d
e,x,n,t,n,d
e,x,e,t,n,d
e,f,n,t,n,d
e,x,n,t,n,d
e,x,n,t,n,d
p,f,w,t,p,u
e,x,g,t,n,d
e,f,w,f,n,g
e,x,g,f,n,g
e,x,g,t,n,d
e,f,n,t,n,d
e,x,e,t,n,d
e,x,g,t,n,d
e,f,n,t,n,d
e,x,n,t,n,d
p,x,g,f,f,d
e,x,e,t,n,d
e,x,n,f,n,g
p,x,w,t,p,g
e,x,g,t,n,d
e,f,n,t,n,d
e,x,n,t,n,d
e,x,g,t,n,d
e,x,g,t,n,d
e,f,n,t,n,d
e,f,n,t,n,d
e,x,g,t,n,d
e,f,g,t,n,d
e,x,e,t,n,d
e,x,e,t,n,d
p,x,w,t,p,g
e,f,g,t,n,d
e,x,g,t,n,d
e,f,e,t,n,d
e,f,g,t,n,d
e,x,n,t,n,d
e,x,e,t,n,d
e,x,e,t,n,d
e,x,e,t,n,d
e,f,g,t,n,d
e,x,g,t,n,d
e,f,n,t,n,d
e,x,n,t,n,d
e,x,g,t,n,d
e,x,g,t,n,d
e,x,n,t,n,d
e,f,n,t,n,d
e,x,n,t,n,d
e,x,n,t,n,d
e,f,n,t,n,d
e,x,n,t,n,d
e,x,n,t,n,d
e,x,n,t,n,d
e,f,g,t,n,d
e,x,e,t,n,d
e,f,n,t,n,d
p,x,p,f,c,d
e,x,e,t,n,d
e,f,n,t,n,d
e,x,n,t,n,d
e,f,e,t,n,d
e,x,e,t,n,d
e,x,g,t,n,d
e,x,g,t,n,d
e,x,g,t,n,d
e,x,g,t,n,d
e,f,g,t,n,d
e,x,e,t,n,d
e,f,n,t,n,d
e,f,e,t,n,d
e,x,g,t,n,d
e,x,g,t,n,d
e,x,g,t,n,d
p,x,g,f,f,g
e,x,n,t,n,d
e,x,e,t,n,d
e,x,n,t,n,d
e,f,n,t,n,d
e,f,n,t,n,d
e,f,g,t,n,d
e,f,g,t,n,d
e,x,g,t,n,d
e,x,g,f,n,g
e,x,g,t,n,d
e,x,e,t,n,d
e,f,n,t,n,d
e,x,e,t,n,d
e,x,g,t,n,d
e,x,n,t,n,d
e,x,e,t,n,d
e,x,n,t,n,d
e,f,g,t,n,d
e,x,g,t,n,d
e,x,g,t,n,d
e,f,n,t,n,d
e,x,g,t,n,d
e,f,n,t,n,d
e,x,e,t,n,d
e,x,n,t,n,d
e,x,g,t,n,d
e,f,g,t,n,d
e,x,g,t,n,d
e,x,n,t,n,d
e,x,g,t,n,d
e,x,g,t,n,d
e,x,e,t,n,d
e,x,n,t,n,d
e,x,g,t,n,d
p,f,n,t,p,u
e,x,g,f,n,g
e,x,g,t,n,d
e,x,e,t,n,d
p,x,p,f,c,d
e,x,n,t,n,d
e,x,e,t,n,d
e,x,n,t,n,d
e,x,e,t,n,d
e,x,w,f,n,g
e,f,g,t,n,d
e,x,g,t,n,d
e,x,g,t,n,d
e,x,e,t,n,d
e,x,g,t,n,d
e,x,g,t,n,d
e,x,e,t,n,d
p,f,w,t,p,u
e,f,n,t,n,d
e,x,e,t,n,d
e,x,e,t,n,d
e,x,g,t,n,d
e,f,w,f,n,g
e,x,n,f,n,g
e,x,n,t,n,d
e,f,n,t,n,d
e,x,e,t,n,d
e,x,e,t,n,d
e,x,e,t,n,d
e,f,n,t,n,d
e,x,g,t,n,d
e,f,n,t,n,d
e,f,e,t,n,d
e,x,e,t,n,d
p,x,w,f,c,d
e,f,n,t,n,d
e,f,g,t,n,d
e,f,n,t,n,d
e,x,n,t,n,d
e,x,e,t,n,d
e,f,w,f,n,g
e,x,g,t,n,d
e,x,e,t,n,d
e,f,n,t,n,d
e,f,n,t,n,d
e,x,n,t,n,d
e,x,g,t,n,d
e,x,n,t,n,d
e,x,g,t,n,d
e,x,n,t,n,d
e,x,n,t,n,d
e,f,n,t,n,d
e,x,g,t,n,d
e,x,e,t,n,d
e,x,n,t,n,d
p,x,g,f,f,p
e,f,g,t,n,d
e,x,e,t,n,d
p,x,g,f,f,d
e,x,e,t,n,d
e,x,e,t,n,d
p,x,g,f,f,d
p,x,p,f,c,d
e,x,g,t,n,d
e,f,g,t,n,d
e,x,g,t,n,d
e,x,g,t,n,d
e,x,g,t,n,d
e,f,g,t,n,d
e,x,g,t,n,d
e,x,e,t,n,d
e,x,n,t,n,d
e,x,n,t,n,d
e,f,n,t,n,d
e,f,n,t,n,d
e,f,g,t,n,d
e,x,g,t,n,d
e,x,n,t,n,d
e,x,e,t,n,d
e,f,n,t,n,d
e,x,g,t,n,d
e,x,n,t,n,d
p,x,w,f,c,d
e,f,n,t,n,d
e,x,e,t,n,d
e,x,n,t,n,d
e,f,g,t,n,d
e,x,e,t,n,d
p,x,g,f,f,d
e,x,e,t,n,d
e,f,g,t,n,d
e,f,e,t,n,d
e,x,e,t,n,d
p,x,g,f,f,g
e,x,n,t,n,d
e,x,n,t,n,d
e,x,n,t,n,d
e,x,n,t,n,d
e,x,g,t,n,d
e,x,n,t,n,d
e,x,g,t,n,d
e,x,e,t,n,d
e,x,e,t,n,d
e,x,g,t,n,d
e,f,e,t,n,d
e,f,n,t,n,d
e,f,n,t,n,d
e,x,g,t,n,d
e,x,g,t,n,d
e,x,e,t,n,d
e,f,n,t,n,d
e,f,n,t,n,d
e,x,e,t,n,d
e,x,n,t,n,d
e,f,n,t,n,d
e,f,n,t,n,d
p,x,g,f,f,p
e,x,g,t,n,d
e,x,n,t,n,d
e,x,g,t,n,d
e,x,g,t,n,d
e,x,g,t,n,d
e,f,n,t,n,d
e,f,g,t,n,d
e,x,n,t,n,d
e,x,e,t,n,d
e,f,n,t,n,d
p,x,g,f,f,p
e,x,e,t,n,d
e,f,n,t,n,d
e,x,e,t,n,d
e,x,e,t,n,d
e,x,e,t,n,d
e,f,g,t,n,d
e,f,n,t,n,d
e,x,g,t,n,d
e,f,g,t,n,d
e,x,n,t,n,d
e,x,g,t,n,d
e,x,g,t,n,d
e,x,n,t,n,d
e,x,e,t,n,d
e,f,n,t,n,d
e,x,e,t,n,d
e,x,n,t,n,d
e,f,n,t,n,d
e,x,e,t,n,d
e,x,g,t,n,d
e,x,n,t,n,d
p,x,g,f,c,d
e,f,g,t,n,d
e,x,n,t,n,d
e,f,n,f,n,g
e,f,n,t,n,d
e,x,g,t,n,d
e,f,g,t,n,d
e,x,g,t,n,d
e,f,e,t,n,d
e,x,g,t,n,d
e,x,g,t,n,d
e,f,g,t,n,d
e,x,n,t,n,d
e,f,n,t,n,d
e,x,e,t,n,d
e,x,e,t,n,d
e,f,n,t,n,d
e,x,n,t,n,d
e,x,g,t,n,d
e,f,g,t,n,d
e,f,w,f,n,g
e,x,n,t,n,d
e,x,g,t,n,d
e,f,e,t,n,d
e,x,e,t,n,d
e,x,n,t,n,d
e,f,n,t,n,d
e,x,g,t,n,d
e,f,n,t,n,d
e,x,e,t,n,d
e,x,e,t,n,d
e,x,e,t,n,d
e,x,e,t,n,d
e,x,e,t,n,d
e,x,e,t,n,d
e,f,n,t,n,d
e,x,g,t,n,d
e,x,g,t,n,d
e,x,g,t,n,d
e,x,n,t,n,d
e,x,e,t,n,d
e,x,e,t,n,d
e,x,g,t,n,d
e,x,e,t,n,d
e,f,n,t,n,d
e,x,e,t,n,d
e,f,n,t,n,d
e,f,n,t,n,d
e,f,n,t,n,d
e,x,g,t,n,d
e,x,e,t,n,d
e,x,e,t,n,d
e,f,g,t,n,d
e,f,n,t,n,d
e,x,n,t,n,d
e,f,n,t,n,d
p,x,p,f,c,d
e,x,e,t,n,d
e,x,n,t,n,d
e,x,e,t,n,d
e,f,n,t,n,d
e,f,n,t,n,d
e,x,g,t,n,d
e,f,n,f,n,g
e,x,g,t,n,d
e,x,n,t,n,d
e,x,n,t,n,d
e,f,g,t,n,d
e,x,e,t,n,d
e,f,n,t,n,d
p,x,g,f,f,g
e,x,e,t,n,d
e,x,g,t,n,d
e,x,e,t,n,d
e,x,e,t,n,d
e,x,e,t,n,d
e,f,n,t,n,d
e,f,n,t,n,d
e,x,n,t,n,d
e,x,e,t,n,d
e,x,e,t,n,d
e,x,n,t,n,d
e,x,g,t,n,d
e,x,n,t,n,d
e,x,e,t,n,d
e,x,e,t,n,d
e,x,e,t,n,d
e,x,e,t,n,d
e,x,n,t,n,d
e,x,e,t,n,d
e,f,e,t,n,d
e,f,n,t,n,d
e,x,e,t,n,d
e,x,n,t,n,d
e,x,e,t,n,d
e,f,g,t,n,d
e,x,n,t,n,d
e,f,e,t,n,d
e,x,n,t,n,d
e,x,e,t,n,d
e,x,g,t,n,d
e,f,g,t,n,d
e,x,n,t,n,d
e,x,g,f,n,g
e,f,n,t,n,d
e,x,g,t,n,d
e,x,g,t,n,d
e,x,n,t,n,d
e,x,e,t,n,d
e,x,e,t,n,d
e,x,n,t,n,d
e,x,e,t,n,d
e,x,e,t,n,d
e,x,n,t,n,d
e,f,g,t,n,d
e,x,e,t,n,d
e,f,n,t,n,d
e,x,n,t,n,d
e,x,e,t,n,d
e,x,g,t,n,d
e,x,n,t,n,d
e,x,g,t,n,d
p,x,g,f,c,d
e,x,n,t,n,d
e,x,g,t,n,d
e,x,n,t,n,d
e,x,g,t,n,d
e,x,n,t,n,d
e,f,n,t,n,d
e,f,n,t,n,d
e,x,n,t,n,d
e,f,n,t,n,d
e,f,n,t,n,d
e,f,g,t,n,d
e,x,g,t,n,d
e,x,g,t,n,d
e,x,g,t,n,d
e,f,n,t,n,d
e,x,g,t,n,d
p,x,g,f,f,d
e,f,n,t,n,d
e,x,g,t,n,d
e,x,g,t,n,d
p,x,g,f,f,d
e,f,n,t,n,d
e,x,e,t,n,d
e,x,n,t,n,d
e,x,e,t,n,d
e,x,e,t,n,d
e,x,n,t,n,d
e,f,n,t,n,d
e,x,e,t,n,d
e,x,g,t,n,d
e,f,n,t,n,d
e,x,e,t,n,d
e,x,g,t,n,d
e,f,g,t,n,d
e,f,g,t,n,d
e,f,n,t,n,d
e,x,n,t,n,d
e,x,e,t,n,d
e,f,g,f,n,g
e,x,e,t,n,d
e,f,g,t,n,d
e,x,e,t,n,d
e,x,g,t,n,d
e,f,n,t,n,d
e,x,e,t,n,d
e,x,e,t,n,d
e,x,g,t,n,d
p,x,w,f,c,d
e,x,e,t,n,d
e,x,e,t,n,d
e,x,n,t,n,d
e,f,w,f,n,g
e,x,g,t,n,d
e,f,g,t,n,d
e,x,g,t,n,d
e,f,e,t,n,d
e,x,e,t,n,d
e,x,n,t,n,d
e,x,e,t,n,d
e,x,e,t,n,d
e,f,e,t,n,d
e,f,n,t,n,d
e,x,g,t,n,d
e,x,g,t,n,d
e,x,g,t,n,d
e,x,e,t,n,d
e,x,n,t,n,d
e,f,n,f,n,g
e,x,e,t,n,d
e,x,g,t,n,d
e,x,n,t,n,d
e,x,g,t,n,d
e,x,e,t,n,d
e,f,n,t,n,d
e,x,g,t,n,d
e,f,g,t,n,d
e,x,e,t,n,d
e,f,n,t,n,d
e,x,g,t,n,d
e,x,n,t,n,d
e,x,e,t,n,d
e,x,e,t,n,d
e,x,n,t,n,d
e,f,n,t,n,d
e,x,g,t,n,d
e,x,e,t,n,d
e,f,n,t,n,d
e,f,n,t,n,d
e,x,e,t,n,d
e,x,g,t,n,d
e,x,g,t,n,d
p,x,p,f,c,d
e,x,n,t,n,d
e,x,e,t,n,d
e,f,n,f,n,g
e,x,g,t,n,d
e,x,g,t,n,d
e,x,n,t,n,d
e,f,g,t,n,d
e,x,g,t,n,d
e,x,n,t,n,d
e,x,e,t,n,d
e,x,n,t,n,d
e,f,g,t,n,d
e,f,n,t,n,d
e,x,g,t,n,d
e,x,e,t,n,d
e,x,g,t,n,d
e,f,g,t,n,d
e,x,e,t,n,d
p,x,p,f,c,d
e,f,n,t,n,d
e,x,e,t,n,d
e,x,g,t,n,d
e,x,g,t,n,d
e,x,g,t,n,d
e,x,e,t,n,d
e,x,n,t,n,d
e,x,g,t,n,d
e,x,e,t,n,d
e,x,n,t,n,d
e,x,g,t,n,d
e,x,n,t,n,d
e,x,e,t,n,d
e,x,e,t,n,d
e,x,g,t,n,d
e,f,g,t,n,d
e,f,e,t,n,d
e,f,g,t,n,d
e,x,e,t,n,d
e,x,e,t,n,d
e,x,w,f,n,g
e,x,n,t,n,d
e,x,e,t,n,d
e,f,e,t,n,d
e,x,g,t,n,d
e,f,n,t,n,d
p,x,g,f,c,d
e,f,e,t,n,d
e,x,g,t,n,d
e,x,n,f,n,g
e,x,e,t,n,d
p,x,w,f,c,d
e,x,e,t,n,d
e,f,g,t,n,d
e,f,n,t,n,d
e,x,n,t,n,d
e,f,n,t,n,d
e,x,g,t,n,d
e,f,n,t,n,d
e,x,g,t,n,d
e,f,n,t,n,d
e,x,g,t,n,d
p,x,g,f,f,p
e,x,g,t,n,d
e,x,g,t,n,d
e,x,g,t,n,d
e,x,e,t,n,d
e,x,g,t,n,d
e,x,g,t,n,d
e,f,g,t,n,d
e,x,e,t,n,d
e,x,g,t,n,d
e,x,e,t,n,d
e,x,n,t,n,d
e,x,g,t,n,d
e,x,e,t,n,d
e,f,n,t,n,d
e,x,e,t,n,d
e,f,n,t,n,d
e,x,n,t,n,d
e,x,g,t,n,d
e,f,e,t,n,d
e,x,g,t,n,d
e,x,g,t,n,d
e,x,g,t,n,d
p,x,g,f,f,p
e,x,g,t,n,d
e,x,g,t,n,d
e,x,n,t,n,d
e,x,g,t,n,d
e,f,n,t,n,d
e,x,n,t,n,d
e,x,e,t,n,d
e,x,n,t,n,d
e,f,g,t,n,d
e,f,g,t,n,d
p,x,g,f,f,p
e,x,n,t,n,d
e,x,n,t,n,d
e,x,e,t,n,d
e,x,n,t,n,d
e,f,n,t,n,d
e,x,g,t,n,d
e,x,n,t,n,d
e,x,e,t,n,d
e,f,g,t,n,d
e,x,g,t,n,d
e,x,e,t,n,d
e,x,e,t,n,d
e,x,g,t,n,d
e,x,n,t,n,d
e,x,e,t,n,d
e,f,n,t,n,d
e,x,e,t,n,d
e,f,n,t,n,d
e,x,e,t,n,d
e,x,n,t,n,d
e,x,e,t,n,d
e,x,e,t,n,d
e,x,n,t,n,d
e,x,n,t,n,d
e,x,e,t,n,d
e,f,n,t,n,d
e,x,n,t,n,d
e,x,e,t,n,d
e,f,g,f,n,g
e,x,e,t,n,d
e,x,e,t,n,d
e,f,n,t,n,d
e,f,n,t,n,d
e,x,g,t,n,d
e,x,g,t,n,d
e,x,n,t,n,d
e,f,n,t,n,d
e,x,n,t,n,d
e,x,g,t,n,d
e,x,g,t,n,d
e,x,e,t,n,d
e,x,g,t,n,d
e,x,e,t,n,d
e,x,g,t,n,d
e,x,e,t,n,d
e,x,e,t,n,d
e,x,e,t,n,d
e,f,g,t,n,d
e,x,g,t,n,d
e,x,e,t,n,d
e,x,g,t,n,d
e,f,n,t,n,d
p,x,g,f,f,d
e,x,n,t,n,d
e,x,g,t,n,d
e,f,n,t,n,d
e,x,e,t,n,d
e,f,g,t,n,d
e,x,n,t,n,d
e,x,e,t,n,d
e,x,e,t,n,d
e,x,n,t,n,d
e,x,n,t,n,d
p,x,y,f,f,p
e,f,n,t,n,d
p,x,g,f,f,d
p,x,g,f,c,d
e,f,g,t,n,d
e,f,e,t,n,d
e,f,n,t,n,d
e,f,e,t,n,d
p,x,g,f,f,p
e,f,g,t,n,d
e,f,e,t,n,d
e,f,e,t,n,d
p,x,w,f,c,d
e,x,e,t,n,d
e,f,n,t,n,d
p,x,g,f,f,g
p,x,g,f,f,p
e,f,e,t,n,d
e,f,e,t,n,d
e,f,n,t,n,d
e,f,g,t,n,d
e,f,e,t,n,d
e,f,e,t,n,d
e,f,e,t,n,d
e,f,e,t,n,d
p,x,p,f,c,d
p,x,g,f,f,d
e,f,e,t,n,d
e,f,g,t,n,d
e,f,g,t,n,d
e,f,g,t,n,d
e,f,e,t,n,d
e,f,e,t,n,d
p,f,g,f,f,p
e,f,n,t,n,d
e,f,e,t,n,d
p,x,g,f,c,d
e,f,e,t,n,d
e,f,e,t,n,d
p,x,y,f,f,g
p,f,y,f,f,d
e,f,n,t,n,d
e,f,n,t,n,d
e,f,g,t,n,d
e,f,n,t,n,d
e,x,e,t,n,d
p,x,p,f,c,d
e,f,n,t,n,d
e,x,e,t,n,d
e,f,e,t,n,d
e,f,n,t,n,d
p,x,w,f,c,d
e,f,g,t,n,d
e,f,g,t,n,d
e,f,g,t,n,d
e,f,n,t,n,d
p,x,g,f,c,d
p,x,p,f,c,d
e,f,e,t,n,d
p,x,g,f,f,d
p,x,w,f,c,d
p,x,g,f,f,p
e,f,n,t,n,d
p,x,y,f,f,p
e,f,g,t,n,d
e,f,n,t,n,d
e,f,g,t,n,d
p,x,w,f,c,d
p,x,g,f,f,p
e,f,g,t,n,d
e,x,n,t,n,d
e,f,g,t,n,d
p,x,g,f,f,p
e,f,n,t,n,d
p,f,g,f,f,p
e,f,e,t,n,d
e,x,n,t,n,d
p,f,g,f,f,p
e,f,g,t,n,d
e,f,g,t,n,d
e,f,e,t,n,d
p,x,g,f,f,p
e,f,e,t,n,d
e,f,n,t,n,d
p,x,g,f,f,g
e,f,e,t,n,d
p,x,g,f,f,d
e,f,e,t,n,d
p,x,g,f,f,g
p,x,g,f,f,p
p,x,g,f,f,g
e,f,e,t,n,d
p,x,g,f,f,g
e,f,e,t,n,d
p,x,g,f,c,d
e,f,g,t,n,d
p,x,p,f,c,d
e,f,e,t,n,d
e,f,e,t,n,d
e,f,e,t,n,d
e,f,n,t,n,d
p,x,g,f,f,g
p,f,y,f,f,p
p,x,g,f,c,d
e,f,e,t,n,d
e,f,e,t,n,d
e,f,e,t,n,d
e,f,n,t,n,d
p,x,g,f,f,g
p,x,g,f,c,d
e,f,g,t,n,d
e,f,e,t,n,d
e,f,e,t,n,d
e,f,g,t,n,d
e,f,n,t,n,d
e,f,n,t,n,d
e,f,e,t,n,d
p,x,g,f,c,d
p,x,w,f,c,d
e,f,g,t,n,d
e,f,g,t,n,d
p,x,g,f,f,d
e,x,e,t,n,d
p,x,w,f,c,d
e,f,g,t,n,d
e,f,g,t,n,d
e,f,g,t,n,d
e,f,e,t,n,d
e,f,n,t,n,d
e,f,g,t,n,d
e,f,n,t,n,d
e,f,g,t,n,d
e,f,g,t,n,d
e,x,n,t,n,d
e,f,e,t,n,d
e,f,e,t,n,d
e,f,e,t,n,d
p,x,y,f,f,p
e,f,g,t,n,d
e,f,n,t,n,d
p,x,g,f,f,d
e,f,g,t,n,d
e,f,g,t,n,d
e,f,g,t,n,d
e,f,e,t,n,d
e,f,g,t,n,d
p,x,w,f,c,d
p,x,w,f,c,d
e,f,n,t,n,d
e,f,e,t,n,d
e,f,e,t,n,d
p,x,g,f,f,d
e,f,g,t,n,d
e,f,g,t,n,d
e,f,g,t,n,d
p,x,w,f,c,d
e,x,e,t,n,d
e,f,e,t,n,d
p,x,g,f,f,d
e,f,e,t,n,d
p,x,g,f,f,p
p,x,p,f,c,d
e,f,g,t,n,d
p,x,g,f,f,p
p,x,w,f,c,d
p,x,g,f,f,p
e,f,e,t,n,d
p,x,g,f,f,p
p,x,g,f,c,d
e,f,g,t,n,d
e,f,n,t,n,d
e,f,e,t,n,d
p,x,g,f,f,p
p,x,p,f,c,d
e,x,n,t,n,d
e,f,e,t,n,d
e,f,n,t,n,d
e,f,g,t,n,d
p,x,g,f,f,g
e,f,n,t,n,d
p,x,p,f,c,d
p,x,w,f,c,d
e,f,e,t,n,d
e,f,n,t,n,d
e,f,e,t,n,d
e,f,g,t,n,d
p,x,g,f,f,d
p,x,g,f,f,p
e,f,e,t,n,d
p,x,y,f,f,g
p,x,p,f,c,d
e,f,e,t,n,d
p,f,y,f,f,d
e,f,e,t,n,d
e,f,e,t,n,d
e,x,n,t,n,d
e,f,e,t,n,d
e,f,g,t,n,d
p,x,g,f,f,g
e,f,e,t,n,d
p,f,g,f,f,p
e,f,e,t,n,d
e,f,e,t,n,d
e,f,g,t,n,d
p,x,g,f,f,g
e,f,g,t,n,d
e,f,g,t,n,d
p,x,g,f,f,g
p,x,w,f,c,d
e,f,e,t,n,d
p,x,y,f,f,d
e,f,e,t,n,d
e,f,g,t,n,d
e,f,e,t,n,d
e,f,g,t,n,d
e,f,g,t,n,d
e,f,e,t,n,d
p,x,g,f,c,d
e,f,g,t,n,d
e,f,n,t,n,d
e,f,g,t,n,d
e,f,g,t,n,d
e,f,n,t,n,d
e,x,g,t,n,d
e,f,g,t,n,d
p,x,g,f,f,p
p,x,w,f,c,d
e,f,g,t,n,d
e,f,g,t,n,d
e,f,g,t,n,d
p,x,g,f,f,p
p,x,w,f,c,d
p,x,g,f,f,p
e,x,g,t,n,d
p,x,g,f,f,g
e,f,e,t,n,d
e,f,g,t,n,d
e,x,g,t,n,d
p,x,g,f,f,d
e,f,g,t,n,d
e,f,g,t,n,d
p,x,w,f,c,d
p,x,y,f,f,g
e,f,e,t,n,d
p,x,g,f,f,d
p,x,g,f,f,d
e,x,n,t,n,d
p,x,g,f,f,g
e,f,n,t,n,d
e,f,g,t,n,d
e,f,g,t,n,d
e,f,g,t,n,d
p,x,g,f,c,d
e,f,g,t,n,d
e,f,e,t,n,d
e,f,n,t,n,d
e,f,g,t,n,d
p,x,p,f,c,d
p,x,g,f,f,g
e,f,g,t,n,d
e,f,g,t,n,d
p,x,p,f,c,d
e,x,g,t,n,d
p,x,g,f,f,p
p,x,g,f,f,p
e,f,n,t,n,d
e,f,n,t,n,d
p,x,g,f,c,d
p,f,g,f,f,d
p,x,p,f,c,d
e,f,e,t,n,d
e,f,g,t,n,d
e,f,e,t,n,d
p,x,y,f,f,g
e,f,g,t,n,d
p,x,w,f,c,d
p,x,g,f,f,d
e,f,e,t,n,d
e,f,g,t,n,d
p,x,g,f,f,p
p,x,g,f,f,p
p,x,p,f,c,d
e,x,g,t,n,d
p,x,g,f,f,d
e,f,n,t,n,d
e,x,n,t,n,d
e,f,e,t,n,d
e,f,g,t,n,d
e,f,e,t,n,d
e,f,g,t,n,d
e,f,g,t,n,d
p,x,p,f,c,d
e,f,e,t,n,d
e,f,e,t,n,d
p,x,w,f,c,d
e,f,g,t,n,d
e,f,n,t,n,d
p,x,g,f,f,g
e,f,e,t,n,d
p,x,g,f,f,g
e,f,e,t,n,d
e,f,g,t,n,d
e,f,g,t,n,d
p,x,g,f,f,g
e,f,e,t,n,d
p,x,w,f,c,d
e,f,n,t,n,d
e,x,g,t,n,d
e,f,n,t,n,d
e,f,e,t,n,d
e,f,g,t,n,d
e,f,e,t,n,d
p,x,g,f,f,d
e,f,g,t,n,d
e,f,g,t,n,d
e,f,g,t,n,d
e,f,g,t,n,d
e,f,e,t,n,d
e,f,e,t,n,d
e,f,n,t,n,d
e,f,n,t,n,d
p,x,p,f,c,d
p,x,g,f,f,d
e,f,g,t,n,d
e,f,e,t,n,d
p,x,w,f,c,d
p,x,p,f,c,d
p,x,g,f,f,p
e,x,g,t,n,d
e,f,e,t,n,d
p,x,p,f,c,d
e,f,g,t,n,d
e,f,n,t,n,d
p,x,g,f,f,g
e,f,n,t,n,d
e,x,e,t,n,d
p,x,w,f,c,d
e,f,n,t,n,d
p,x,g,f,f,d
e,f,e,t,n,d
p,x,y,f,f,p
e,f,g,t,n,d
e,x,e,t,n,d
e,f,e,t,n,d
e,f,g,t,n,d
p,x,g,f,c,d
e,f,g,t,n,d
e,f,e,t,n,d
p,x,g,f,f,p
e,f,n,t,n,d
p,x,g,f,c,d
p,x,g,f,f,g
e,f,e,t,n,d
e,f,n,t,n,d
e,f,g,t,n,d
e,f,g,t,n,d
p,x,w,f,c,d
p,x,g,f,f,g
p,x,g,f,c,d
e,f,e,t,n,d
e,f,e,t,n,d
p,f,g,f,f,d
p,x,g,f,f,g
e,f,e,t,n,d
p,x,p,f,c,d
p,x,g,f,c,d
e,f,e,t,n,d
e,f,e,t,n,d
e,f,e,t,n,d
e,f,n,t,n,d
p,x,p,f,c,d
p,x,g,f,f,d
e,f,e,t,n,d
e,f,e,t,n,d
e,f,g,t,n,d
e,f,e,t,n,d
e,f,n,t,n,d
e,f,e,t,n,d
p,f,y,f,f,p
e,x,g,t,n,d
p,x,p,f,c,d
e,x,e,t,n,d
e,f,g,t,n,d
e,f,e,t,n,d
e,x,e,t,n,d
e,f,g,t,n,d
e,f,e,t,n,d
p,x,w,f,c,d
p,x,g,f,f,d
p,x,p,f,c,d
e,f,g,t,n,d
e,x,n,t,n,d
p,x,g,f,c,d
e,f,n,t,n,d
p,x,p,f,c,d
e,f,e,t,n,d
p,x,w,f,c,d
e,x,n,t,n,d
p,x,g,f,f,g
p,x,g,f,c,d
e,f,n,t,n,d
p,x,g,f,f,g
p,x,p,f,c,d
e,f,e,t,n,d
p,x,g,f,c,d
e,x,g,t,n,d
e,x,g,t,n,d
e,f,n,t,n,d
e,f,n,t,n,d
e,f,n,t,n,d
p,x,g,f,c,d
e,f,g,t,n,d
e,x,e,t,n,d
e,f,g,t,n,d
e,f,e,t,n,d
e,f,n,t,n,d
p,x,g,f,f,g
p,x,g,f,c,d
e,f,e,t,n,d
e,x,g,t,n,d
p,x,g,f,c,d
e,f,n,t,n,d
e,f,g,t,n,d
e,f,e,t,n,d
p,x,y,f,f,p
p,x,g,f,c,d
e,f,g,t,n,d
e,f,n,t,n,d
e,f,n,t,n,d
e,f,g,t,n,d
e,f,g,t,n,d
p,x,g,f,f,p
e,f,g,t,n,d
e,f,e,t,n,d
p,x,g,f,c,d
e,f,g,t,n,d
p,f,g,f,f,p
e,f,e,t,n,d
p,x,g,f,f,p
e,f,g,t,n,d
p,x,p,f,c,d
e,f,e,t,n,d
p,x,p,f,c,d
p,x,w,f,c,d
e,f,g,t,n,d
p,x,p,f,c,d
p,x,g,f,f,d
e,x,n,t,n,d
e,f,g,t,n,d
e,f,e,t,n,d
p,x,g,f,f,g
p,x,g,f,c,d
p,x,g,f,f,p
p,x,w,f,c,d
e,f,n,t,n,d
e,f,g,t,n,d
p,x,w,f,c,d
e,x,g,t,n,d
e,f,n,t,n,d
e,f,g,t,n,d
e,x,e,t,n,d
e,f,e,t,n,d
p,x,w,f,c,d
e,f,e,t,n,d
p,x,y,f,f,d
e,f,g,t,n,d
e,f,n,t,n,d
p,x,g,f,c,d
p,x,p,f,c,d
e,f,e,t,n,d
e,x,g,t,n,d
e,f,g,t,n,d
p,x,g,f,f,p
e,x,n,t,n,d
e,f,g,t,n,d
e,f,g,t,n,d
p,x,g,f,c,d
e,f,n,t,n,d
p,x,g,f,f,p
e,f,g,t,n,d
e,f,e,t,n,d
e,f,e,t,n,d
p,x,w,f,c,d
p,x,w,f,c,d
e,f,e,t,n,d
e,f,e,t,n,d
e,f,n,t,n,d
p,x,g,f,f,g
e,f,g,t,n,d
p,x,g,f,f,p
e,f,e,t,n,d
p,x,g,f,f,g
e,f,g,t,n,d
e,f,e,t,n,d
e,f,n,t,n,d
p,x,g,f,f,d
e,f,e,t,n,d
e,x,g,t,n,d
e,f,g,t,n,d
p,x,w,f,c,d
e,f,e,t,n,d
e,f,e,t,n,d
e,f,e,t,n,d
e,x,e,t,n,d
e,f,n,t,n,d
p,x,g,f,f,g
e,x,g,t,n,d
p,x,g,f,f,d
e,f,g,t,n,d
e,f,n,t,n,d
p,x,g,f,f,d
e,f,g,t,n,d
p,f,g,f,f,d
e,f,e,t,n,d
p,x,g,f,c,d
e,f,e,t,n,d
e,f,n,t,n,d
e,x,e,t,n,d
e,f,e,t,n,d
e,f,g,t,n,d
p,x,p,f,c,d
p,f,g,f,f,d
e,f,g,t,n,d
e,f,e,t,n,d
p,x,p,f,c,d
e,f,n,t,n,d
e,f,g,t,n,d
e,f,e,t,n,d
e,f,e,t,n,d
e,x,g,t,n,d
p,x,w,f,c,d
e,f,g,t,n,d
p,x,g,f,f,d
e,f,n,t,n,d
e,f,n,t,n,d
p,x,g,f,c,d
e,f,g,t,n,d
e,f,e,t,n,d
p,x,g,f,f,d
e,x,n,t,n,d
e,f,e,t,n,d
e,f,e,t,n,d
p,x,p,f,c,d
p,x,g,f,f,d
e,f,e,t,n,d
e,f,g,t,n,d
p,x,p,f,c,d
e,f,g,t,n,d
e,f,e,t,n,d
e,f,n,t,n,d
e,x,g,t,n,d
e,x,n,t,n,d
e,f,n,t,n,d
p,x,p,f,c,d
e,f,e,t,n,d
p,x,y,f,f,d
p,x,g,f,c,d
e,f,n,t,n,d
p,f,g,f,f,d
p,x,g,f,c,d
e,f,g,t,n,d
e,f,g,t,n,d
e,f,g,t,n,d
e,x,n,t,n,d
p,x,y,f,f,g
e,f,g,t,n,d
p,x,g,f,f,p
e,f,e,t,n,d
e,f,e,t,n,d
p,f,g,f,f,d
e,f,e,t,n,d
p,x,y,f,f,p
e,f,e,t,n,d
e,f,g,t,n,d
e,f,e,t,n,d
e,f,e,t,n,d
e,f,e,t,n,d
e,f,n,t,n,d
e,f,g,t,n,d
e,f,e,t,n,d
p,x,g,f,f,g
e,f,n,t,n,d
p,x,g,f,c,d
e,f,n,t,n,d
e,f,g,t,n,d
e,x,e,t,n,d
e,f,e,t,n,d
e,f,g,t,n,d
e,x,g,t,n,d
p,x,p,f,c,d
e,x,n,t,n,d
e,f,n,t,n,d
e,f,g,t,n,d
p,f,g,f,f,g
e,f,g,t,n,d
e,f,e,t,n,d
p,x,g,f,f,g
e,f,n,t,n,d
p,x,g,f,f,g
e,f,e,t,n,d
e,x,n,t,n,d
e,x,g,t,n,d
e,f,e,t,n,d
p,x,g,f,f,d
p,x,g,f,c,d
p,x,g,f,f,g
p,x,g,f,f,p
p,f,g,f,f,p
e,f,g,t,n,d
p,x,g,f,f,d
e,f,e,t,n,d
e,f,n,t,n,d
e,f,n,t,n,d
p,x,y,f,f,d
e,f,g,t,n,d
p,x,p,f,c,d
e,f,e,t,n,d
e,f,n,t,n,d
e,x,n,t,n,d
e,f,e,t,n,d
p,x,g,f,f,g
p,x,g,f,f,p
e,f,g,t,n,d
e,x,n,t,n,d
p,x,g,f,f,d
e,f,g,t,n,d
p,x,p,f,c,d
e,f,n,t,n,d
e,f,g,t,n,d
p,x,g,f,f,p
e,x,e,t,n,d
p,x,g,f,c,d
p,x,g,f,f,g
e,f,n,t,n,d
p,x,g,f,f,d
e,f,e,t,n,d
e,f,g,t,n,d
e,f,g,t,n,d
e,f,n,t,n,d
e,f,e,t,n,d
e,f,g,t,n,d
e,f,e,t,n,d
e,f,n,t,n,d
p,x,y,f,f,g
e,f,g,t,n,d
e,f,n,t,n,d
p,x,g,f,f,g
p,x,g,f,f,d
p,x,g,f,f,p
e,f,e,t,n,d
e,f,n,t,n,d
p,x,g,f,f,d
p,x,g,f,f,p
p,f,g,f,f,p
e,f,n,t,n,d
p,x,g,f,c,d
e,f,e,t,n,d
p,f,y,f,f,d
e,f,n,t,n,d
e,x,e,t,n,d
p,x,g,f,f,p
e,x,n,t,n,d
p,x,w,f,c,d
e,f,g,t,n,d
e,f,e,t,n,d
e,f,g,t,n,d
p,x,g,f,f,d
e,f,e,t,n,d
e,f,e,t,n,d
p,x,p,f,c,d
e,f,e,t,n,d
e,f,g,t,n,d
e,f,g,t,n,d
e,f,g,t,n,d
p,x,g,f,f,p
e,f,n,t,n,d
e,f,g,t,n,d
e,f,n,t,n,d
p,x,p,f,c,d
e,f,e,t,n,d
e,f,g,t,n,d
e,f,e,t,n,d
p,x,w,f,c,d
p,x,g,f,f,p
e,f,n,t,n,d
p,x,g,f,f,g
p,x,w,f,c,d
e,f,n,t,n,d
e,f,g,t,n,d
e,f,g,t,n,d
e,f,g,t,n,d
p,x,w,f,c,d
e,f,e,t,n,d
p,x,g,f,f,g
e,f,n,t,n,d
e,f,n,t,n,d
p,x,p,f,c,d
e,f,g,t,n,d
p,x,p,f,c,d
e,x,n,t,n,d
p,x,g,f,f,g
e,f,e,t,n,d
p,x,p,f,c,d
p,x,g,f,f,p
e,f,e,t,n,d
e,f,e,t,n,d
p,x,g,f,c,d
p,x,g,f,f,g
e,f,g,t,n,d
p,x,g,f,f,d
e,f,e,t,n,d
e,f,n,t,n,d
p,f,y,f,f,d
e,f,e,t,n,d
e,f,e,t,n,d
e,f,n,t,n,d
e,x,n,t,n,d
p,f,g,f,f,d
e,f,g,t,n,d
e,f,e,t,n,d
e,f,n,t,n,d
e,x,g,t,n,d
e,x,n,t,n,d
p,x,g,f,f,d
p,x,w,f,c,d
p,f,y,f,f,p
e,f,n,t,n,d
e,f,e,t,n,d
e,f,e,t,n,d
e,f,e,t,n,d
e,f,e,t,n,d
e,f,n,t,n,d
e,f,e,t,n,d
p,x,g,f,f,g
e,f,e,t,n,d
e,f,n,t,n,d
p,x,g,f,f,d
p,x,w,f,c,d
p,x,g,f,c,d
e,x,n,t,n,d
p,f,y,f,f,p
p,x,g,f,c,d
e,f,e,t,n,d
e,f,e,t,n,d
e,f,e,t,n,d
p,x,y,f,f,d
e,f,n,t,n,d
e,f,e,t,n,d
e,f,e,t,n,d
p,x,y,f,f,p
p,x,g,f,c,d
e,f,e,t,n,d
p,x,g,f,c,d
p,x,w,f,c,d
p,x,g,f,f,g
e,f,g,t,n,d
e,f,e,t,n,d
p,f,y,f,f,p
e,f,e,t,n,d
e,f,e,t,n,d
e,f,g,t,n,d
e,f,e,t,n,d
e,f,g,t,n,d
e,f,n,t,n,d
e,f,e,t,n,d
e,f,n,t,n,d
e,f,e,t,n,d
e,f,e,t,n,d
e,f,g,t,n,d
e,x,g,t,n,d
e,f,n,t,n,d
e,f,n,t,n,d
e,x,e,t,n,d
e,f,n,t,n,d
p,x,g,f,f,p
e,f,e,t,n,d
e,x,g,t,n,d
e,f,n,t,n,d
e,f,n,t,n,d
e,f,g,t,n,d
p,x,g,f,f,d
e,f,e,t,n,d
p,f,g,f,f,d
e,f,g,t,n,d
e,f,g,t,n,d
e,f,g,t,n,d
p,f,y,f,f,p
e,x,n,t,n,d
e,f,g,t,n,d
p,f,g,f,f,d
e,f,n,t,n,d
p,x,g,f,c,d
e,f,e,t,n,d
p,x,w,f,c,d
e,f,n,t,n,d
p,x,w,f,c,d
e,f,e,t,n,d
e,f,g,t,n,d
e,f,e,t,n,d
e,f,e,t,n,d
p,x,g,f,c,d
e,f,e,t,n,d
e,f,e,t,n,d
p,x,p,f,c,d
e,f,e,t,n,d
p,x,p,f,c,d
e,f,e,t,n,d
p,f,g,f,f,g
e,f,g,t,n,d
p,x,g,f,f,g
e,f,n,t,n,d
e,f,e,t,n,d
e,f,n,t,n,d
p,x,p,f,c,d
p,x,g,f,f,p
e,f,e,t,n,d
e,f,g,t,n,d
e,f,g,t,n,d
e,f,e,t,n,d
e,f,e,t,n,d
e,x,g,t,n,d
p,x,g,f,f,d
e,x,n,t,n,d
e,f,e,t,n,d
e,f,e,t,n,d
p,x,w,f,c,d
e,f,e,t,n,d
e,f,g,t,n,d
p,x,g,f,f,g
e,f,g,t,n,d
p,x,w,f,c,d
e,f,e,t,n,d
p,x,w,f,c,d
p,x,g,f,f,d
p,x,g,f,f,d
e,f,g,t,n,d
e,f,g,t,n,d
e,f,e,t,n,d
e,f,e,t,n,d
p,x,g,f,f,p
e,f,e,t,n,d
e,f,e,t,n,d
p,x,g,f,f,g
e,f,e,t,n,d
p,x,g,f,c,d
e,f,g,t,n,d
e,f,e,t,n,d
e,f,e,t,n,d
e,f,g,t,n,d
e,x,e,t,n,d
e,f,g,t,n,d
p,x,p,f,c,d
e,f,n,t,n,d
p,x,g,f,f,g
e,f,e,t,n,d
e,f,g,t,n,d
e,f,e,t,n,d
p,x,w,f,c,d
p,x,w,f,c,d
e,x,n,t,n,d
e,f,e,t,n,d
e,f,e,t,n,d
e,x,g,t,n,d
p,x,g,f,f,d
p,x,w,f,c,d
e,f,n,t,n,d
e,f,e,t,n,d
p,x,w,f,c,d
p,x,g,f,c,d
e,x,e,t,n,d
p,x,g,f,f,d
p,x,g,f,c,d
p,x,g,f,f,d
p,x,g,f,c,d
e,x,g,t,n,d
p,x,p,f,c,d
e,f,e,t,n,d
p,x,p,f,c,d
p,x,g,f,c,d
e,f,e,t,n,d
p,x,g,f,c,d
p,x,g,f,c,d
e,f,g,t,n,d
e,f,n,t,n,d
p,x,g,f,c,d
e,f,e,t,n,d
p,x,w,f,c,d
e,f,n,t,n,d
p,x,g,f,f,d
p,f,g,f,f,g
e,f,g,t,n,d
p,x,g,f,f,g
e,f,g,t,n,d
p,x,g,f,f,g
p,f,g,f,f,p
e,f,e,t,n,d
e,f,g,t,n,d
p,x,w,f,c,d
e,f,g,t,n,d
p,x,g,f,f,p
p,x,y,f,f,d
p,f,g,f,f,p
p,x,y,f,f,g
p,x,w,f,c,d
p,x,y,f,f,d
p,x,y,f,f,d
p,x,y,f,f,p
p,f,y,f,f,d
p,f,y,f,f,d
e,f,g,t,n,d
p,x,g,f,f,g
p,f,y,f,f,p
p,f,y,f,f,g
e,x,g,t,n,d
e,f,n,t,n,d
e,f,e,t,n,d
p,x,y,f,f,g
p,f,g,f,f,g
p,f,g,f,f,d
e,f,e,t,n,d
p,f,g,f,f,g
e,f,e,t,n,d
e,f,g,t,n,d
e,f,g,t,n,d
p,x,g,f,f,d
p,x,y,f,f,g
p,f,y,f,f,g
e,f,e,t,n,d
p,x,y,f,f,d
p,f,g,f,f,p
p,f,y,f,f,g
p,f,y,f,f,d
p,x,g,f,f,p
p,f,y,f,f,p
p,x,p,f,c,d
p,x,y,f,f,g
e,f,e,t,n,d
e,f,e,t,n,d
p,x,p,f,c,d
p,x,y,f,f,g
p,f,g,f,f,g
e,x,g,t,n,d
e,f,e,t,n,d
p,f,g,f,f,d
e,f,g,t,n,d
p,x,y,f,f,d
p,f,g,f,f,g
e,f,e,t,n,d
p,x,y,f,f,g
p,f,y,f,f,g
p,x,y,f,f,g
p,f,g,f,f,g
p,x,p,f,c,d
p,x,g,f,c,d
p,x,g,f,f,p
p,x,y,f,f,p
p,f,g,f,f,d
e,f,g,t,n,d
p,x,g,t,f,u
p,x,y,f,f,d
e,f,g,t,n,d
p,f,y,f,f,d
p,x,g,f,f,p
p,f,y,f,f,p
p,x,g,f,f,g
p,f,g,f,f,g
p,f,y,f,f,p
p,x,y,f,f,p
p,x,w,f,c,d
p,x,g,f,f,p
p,x,g,f,f,p
e,f,n,t,n,d
e,f,g,t,n,d
p,x,y,f,f,p
p,x,p,f,c,d
p,f,g,f,f,g
p,x,g,f,f,g
p,x,w,f,c,d
e,f,e,t,n,d
p,f,g,f,f,g
p,x,p,f,c,d
p,f,w,t,f,g
p,x,y,f,f,p
e,x,b,t,n,w
p,f,g,f,f,g
p,x,g,f,f,g
p,x,y,f,f,g
p,f,y,f,f,g
e,f,g,t,n,d
p,x,y,f,f,d
p,x,g,f,f,d
p,f,g,f,f,g
p,x,g,f,c,d
p,x,g,f,c,d
p,x,g,f,f,g
p,x,g,t,f,g
p,x,g,f,f,g
e,f,g,t,n,d
p,f,y,f,f,d
e,f,e,t,n,d
p,f,g,f,f,p
e,f,n,t,n,d
e,f,e,t,n,d
p,x,g,f,f,p
p,x,g,f,f,d
e,f,e,t,n,d
p,f,g,f,f,p
e,f,g,t,n,d
e,f,e,t,n,d
e,f,e,t,n,d
p,f,g,f,f,p
e,x,e,t,n,d
p,f,g,f,f,d
p,x,y,f,f,p
p,f,y,f,f,d
p,x,y,f,f,p
p,x,y,f,f,d
e,x,g,t,n,d
e,x,g,t,n,d
p,f,g,f,f,g
p,f,y,f,f,d
p,x,g,f,f,p
p,x,e,f,y,p
p,x,g,f,f,p
p,x,g,f,f,g
p,x,g,f,c,d
p,f,g,f,f,g
p,f,b,t,f,g
p,x,g,f,f,d
p,x,y,f,f,d
p,x,w,f,c,d
p,x,y,f,f,d
e,f,e,t,n,d
p,x,g,f,f,g
p,x,y,f,f,d
p,x,y,f,f,p
p,f,g,f,f,g
p,x,y,f,f,d
e,f,g,t,n,d
p,x,g,f,f,d
e,f,n,t,n,d
p,f,g,f,f,d
p,f,g,f,f,p
p,f,g,f,f,d
p,x,w,f,c,d
p,x,g,f,f,d
e,f,n,t,n,d
p,x,w,f,c,d
p,x,y,f,f,d
p,x,y,f,f,d
p,x,p,f,c,d
p,f,y,f,f,d
p,f,g,f,f,p
e,f,e,t,n,d
p,x,y,f,f,p
p,f,y,f,f,p
p,x,g,f,c,d
p,x,p,f,c,d
e,x,e,t,n,d
p,x,y,f,f,g
e,f,n,t,n,d
e,f,e,t,n,d
p,f,y,f,f,d
p,x,y,f,f,g
p,x,g,f,f,d
p,f,g,f,f,d
p,f,y,f,f,p
e,f,g,t,n,d
p,x,g,f,f,p
p,x,y,f,f,p
p,f,g,f,f,p
p,f,y,f,f,p
e,f,e,t,n,d
e,f,n,t,n,d
p,x,y,f,f,g
e,f,u,f,n,d
e,f,n,t,n,d
p,f,y,f,f,g
p,f,y,f,f,g
p,x,g,f,f,d
p,x,g,f,f,p
p,f,y,f,f,p
p,x,y,f,f,d
p,x,y,f,f,p
p,x,g,f,f,p
p,x,y,f,f,p
e,x,g,t,n,d
p,f,g,f,f,d
e,f,e,t,n,d
p,x,g,f,f,d
p,f,y,f,f,d
e,f,n,t,n,d
e,f,g,t,n,d
p,f,g,f,f,g
e,x,e,t,n,d
e,f,e,t,n,d
p,f,y,f,f,p
p,x,w,f,c,d
p,x,g,f,f,d
p,x,e,f,y,d
p,x,y,f,f,p
p,f,g,f,f,d
e,f,g,t,n,d
p,x,n,f,f,l
e,f,e,t,n,d
p,b,b,t,n,m
e,f,g,t,n,d
p,f,g,f,f,g
e,f,g,t,n,d
p,f,y,f,f,p
p,f,y,f,f,g
p,f,g,f,f,g
e,f,e,t,n,d
p,x,g,f,f,p
p,f,y,f,f,g
p,x,y,f,f,d
p,x,y,f,f,p
p,f,y,f,f,g
p,f,y,f,f,g
p,x,g,f,f,p
e,f,e,t,n,d
p,f,g,f,f,d
p,f,y,f,f,g
e,f,n,t,n,d
p,x,y,f,f,p
p,x,y,f,f,p
e,f,n,t,n,d
p,f,g,f,f,p
e,f,e,t,n,d
p,x,y,f,f,g
p,f,g,f,f,d
p,x,y,f,f,d
p,x,g,f,c,d
e,f,g,t,n,d
p,f,g,f,f,g
p,x,g,f,f,d
p,f,g,f,f,p
e,f,n,t,n,d
p,x,y,f,f,d
p,f,g,f,f,d
e,f,e,t,n,d
e,f,e,t,n,d
p,f,g,t,f,u
p,x,g,f,f,p
p,f,g,f,f,p
p,x,g,f,f,p
p,x,y,f,f,d
p,f,g,f,f,d
p,f,g,f,f,p
e,f,e,t,n,d
p,x,g,f,f,g
p,f,g,f,f,g
p,x,g,f,f,p
e,f,e,t,n,d
e,f,e,t,n,d
e,f,e,t,n,d
p,f,y,f,f,g
p,f,g,f,f,p
e,f,n,t,n,d
p,x,g,f,f,g
e,f,g,t,n,d
p,x,y,f,f,p
p,x,y,f,f,d
p,x,y,f,f,d
e,f,c,f,n,l
p,x,g,f,f,d
p,f,g,f,f,g
p,x,g,f,f,g
p,f,g,f,f,g
p,x,b,t,f,u
p,f,g,f,f,d
p,x,g,f,f,g
p,f,y,f,f,p
p,f,g,f,f,p
p,f,g,f,f,d
e,f,g,t,n,d
p,x,y,f,f,p
p,x,y,f,f,p
e,f,e,t,n,d
p,f,g,f,f,p
p,f,g,f,f,d
p,x,y,f,f,d
e,f,g,t,n,d
p,x,g,f,f,g
p,x,g,f,f,p
e,f,n,t,n,d
e,f,g,t,n,d
p,x,g,f,f,d
p,f,y,f,f,p
p,f,y,f,f,d
p,f,g,f,f,p
p,f,g,f,f,p
p,f,g,f,f,g
p,f,b,t,f,u
e,f,e,t,n,d
p,x,n,f,y,d
e,x,g,t,n,d
p,x,g,f,c,d
p,x,p,f,c,d
p,x,n,f,y,l
p,f,g,f,f,p
p,x,y,f,f,g
p,x,g,t,f,u
p,f,g,f,f,p
p,x,y,f,f,d
p,f,g,f,f,p
p,f,g,f,f,d
p,f,g,f,f,d
p,x,g,f,f,g
p,f,g,f,f,g
p,x,y,f,f,g
p,f,y,f,f,g
p,x,y,f,f,g
p,x,y,f,f,g
p,x,y,f,f,g
p,f,g,t,f,u
p,x,y,f,f,g
p,f,y,f,f,g
p,f,g,f,f,d
p,f,y,f,f,d
p,f,y,f,f,d
p,x,g,f,f,p
p,x,g,f,f,p
e,f,e,t,n,d
p,f,y,f,f,d
p,f,g,f,f,d
p,f,g,f,f,p
p,x,y,f,f,g
p,x,y,f,f,p
p,x,g,f,f,d
p,x,y,f,f,p
p,f,w,t,f,u
p,f,y,f,f,g
p,f,y,f,f,d
p,f,g,f,f,p
p,f,y,f,f,d
p,f,y,f,f,d
p,f,g,f,f,p
p,x,g,f,f,g
p,x,y,f,f,p
p,f,g,f,f,g
p,x,y,f,f,d
p,f,g,f,f,d
p,x,y,f,f,d
p,x,w,t,f,g
p,f,g,f,f,g
p,x,b,t,f,g
p,f,g,f,f,d
p,x,g,f,f,d
p,x,y,f,f,g
p,x,y,f,f,g
p,x,y,f,f,g
e,f,g,t,n,d
p,f,y,f,f,p
p,x,g,f,f,p
p,f,y,f,f,g
p,f,y,f,f,p
p,f,y,f,f,d
p,x,g,f,f,p
p,f,g,f,f,g
p,x,g,f,f,p
p,x,p,f,c,d
p,x,y,f,f,d
p,x,y,f,f,g
p,f,y,f,f,g
p,x,g,f,f,g
p,f,g,f,f,g
p,x,g,f,f,d
p,x,y,f,f,g
p,x,y,f,f,p
p,x,g,f,f,d
p,x,y,f,f,d
p,f,g,f,f,p
p,f,g,f,f,d
p,x,y,f,f,p
e,k,n,f,n,l
p,f,g,f,f,p
p,x,y,f,f,g
p,f,y,f,f,g
p,x,g,f,f,d
p,x,g,f,f,p
p,f,y,f,f,g
e,f,p,t,n,w
p,f,y,f,f,p
p,x,y,f,f,d
p,x,g,f,f,d
p,f,g,f,f,p
p,x,y,f,f,d
p,f,g,f,f,g
p,f,g,f,f,g
e,k,p,t,n,w
p,x,y,f,f,d
p,f,y,f,f,p
p,f,g,f,f,p
p,f,g,f,f,g
p,x,y,f,f,p
p,f,g,f,f,p
p,x,g,f,f,g
p,f,y,f,f,g
p,f,g,f,f,d
p,x,y,f,f,d
p,f,g,f,f,g
p,f,g,f,f,d
p,f,y,f,f,g
e,f,g,t,n,d
p,f,g,f,f,d
p,f,g,f,f,d
p,f,g,f,f,g
p,x,y,f,f,g
p,x,g,f,f,g
p,x,y,f,f,p
p,f,y,f,f,d
p,x,y,f,f,g
p,x,y,f,f,p
p,f,g,f,f,g
p,x,y,f,f,d
p,f,g,f,f,g
p,f,g,f,f,d
p,f,g,f,f,g
p,f,y,f,f,g
p,f,g,f,f,g
p,x,y,f,f,p
p,f,g,f,f,g
p,f,g,f,f,g
p,f,g,f,f,p
e,x,r,f,n,d
p,f,y,f,f,g
p,x,y,f,f,d
p,x,n,f,s,p
p,f,y,f,f,d
p,k,n,f,n,d
p,f,y,f,f,d
p,x,g,f,f,d
p,x,g,f,f,g
p,f,g,f,f,g
p,x,y,f,f,d
p,x,g,f,f,d
p,x,g,f,f,d
p,x,g,f,f,g
p,x,g,f,f,g
e,f,e,t,n,d
p,f,y,f,f,p
p,x,y,f,f,g
p,f,y,f,f,g
p,x,y,f,f,p
p,f,g,f,f,g
p,f,g,f,f,g
p,x,y,f,f,g
p,f,b,t,f,u
p,x,g,f,f,g
p,x,y,f,f,p
p,f,g,f,f,p
p,f,g,f,f,d
p,f,y,f,f,d
p,f,g,f,f,g
p,x,g,f,f,g
e,x,e,t,n,w
p,f,g,f,f,d
p,f,y,f,f,d
p,f,g,f,f,d
p,x,y,f,f,p
p,f,g,f,f,d
p,x,y,f,f,g
p,b,w,t,n,l
p,f,b,t,f,u
p,x,y,f,f,p
p,f,g,f,f,d
p,f,g,f,f,p
p,f,y,f,f,p
p,f,g,f,f,d
p,x,y,f,f,d
p,x,y,f,f,g
p,f,g,f,f,g
p,x,w,t,f,u
e,f,g,t,n,d
p,x,n,f,y,d
p,f,g,f,f,d
p,f,g,f,f,g
e,f,e,t,n,d
e,x,b,t,n,w
p,x,y,f,f,g
p,x,y,f,f,d
p,x,y,f,f,p
p,x,y,f,f,g
p,f,y,f,f,g
p,f,g,f,f,g
p,x,g,f,f,g
p,f,y,f,f,g
p,x,g,f,f,g
p,x,y,f,f,g
p,f,g,f,f,p
p,f,y,f,f,g
p,x,g,f,f,d
p,f,g,f,f,d
p,f,g,f,f,p
e,x,u,f,n,d
p,x,g,f,f,g
p,f,y,f,f,g
p,f,y,f,f,g
p,x,y,f,f,g
p,f,y,f,f,g
p,f,g,f,f,g
p,f,g,f,f,d
p,f,g,f,f,g
p,f,y,f,f,d
p,f,y,f,f,p
p,f,g,f,f,p
p,f,g,f,f,g
p,f,y,f,f,d
e,f,e,t,n,d
p,f,b,t,f,u
p,f,g,f,f,d
p,f,g,f,f,p
p,x,y,f,f,g
p,f,y,f,f,p
p,f,y,f,f,d
e,f,n,t,n,d
p,f,y,f,f,g
e,x,b,t,n,w
p,x,y,f,f,g
p,x,y,f,f,d
p,x,y,f,f,g
p,f,g,f,f,p
e,f,e,t,n,d
p,f,y,f,f,d
p,f,y,f,f,g
p,x,y,f,f,d
p,x,y,f,f,g
p,x,n,f,y,d
p,f,y,f,f,p
p,x,y,f,f,g
p,f,y,f,f,p
p,f,y,f,f,d
p,f,g,f,f,p
p,f,g,f,f,g
p,f,g,f,f,d
p,f,g,f,f,g
p,x,g,f,c,d
p,x,y,f,f,g
p,f,g,t,f,u
p,x,g,f,f,g
p,x,y,f,f,p
p,x,y,f,f,d
e,f,g,t,n,d
p,f,g,f,f,d
p,f,y,f,f,g
p,f,g,f,f,p
p,x,y,f,f,g
p,x,g,f,f,d
p,x,y,f,f,p
e,f,n,t,n,d
p,x,g,f,f,g
p,f,y,f,f,g
p,x,g,f,f,p
p,x,y,f,f,g
p,f,g,f,f,p
p,f,g,f,f,g
p,x,y,f,f,g
e,k,b,t,n,w
p,x,y,f,f,p
p,x,n,f,s,d
p,f,g,f,f,p
p,x,g,f,f,p
p,f,y,f,f,g
p,f,g,f,f,d
p,f,g,f,f,g
p,f,y,f,f,g
p,x,y,f,f,d
p,x,w,t,f,u
p,x,y,f,f,g
p,f,y,f,f,p
p,x,y,f,f,g
p,x,y,f,f,p
p,f,y,f,f,g
p,x,y,f,f,g
p,x,y,f,f,p
p,f,g,f,f,p
p,f,y,f,f,p
p,f,g,f,f,p
e,f,n,t,n,d
p,x,y,f,f,d
p,x,g,f,f,p
p,f,g,f,f,g
p,f,g,f,f,g
p,x,y,f,f,d
p,f,g,f,f,p
p,x,g,f,f,d
p,x,y,f,f,d
p,x,y,f,f,d
p,f,y,f,f,d
e,f,c,f,n,l
p,f,g,f,f,g
p,x,g,f,f,p
p,f,y,f,n,d
p,f,y,f,f,p
p,x,g,t,f,g
e,f,n,t,n,w
p,x,n,f,y,p
p,x,g,f,c,d
p,x,y,f,f,d
p,f,g,f,f,g
p,f,g,f,f,d
p,x,y,f,f,g
p,x,y,f,f,g
p,x,g,f,f,d
p,f,g,f,f,d
p,f,g,f,f,g
p,f,y,f,f,g
p,x,y,f,f,d
p,f,y,f,f,p
p,f,g,f,f,p
p,f,y,f,f,p
p,f,y,f,f,d
p,f,y,f,f,p
p,f,y,f,f,d
p,x,g,f,f,g
p,x,g,f,f,g
p,x,g,f,f,d
e,x,b,t,n,w
p,f,g,f,f,d
p,x,y,f,f,d
p,x,n,f,s,l
p,x,g,f,f,d
p,f,g,f,f,p
p,f,g,f,f,d
p,f,y,f,f,g
p,x,y,f,f,d
p,x,y,f,f,g
p,f,g,f,f,p
p,x,g,f,f,p
p,f,y,f,f,g
p,x,y,f,f,g
e,x,u,f,n,d
e,f,b,t,n,w
p,f,y,f,f,d
p,x,y,f,f,p
p,x,g,f,f,g
p,f,g,f,f,d
p,f,g,f,f,g
p,f,g,f,f,g
p,f,g,f,f,g
p,x,y,f,f,g
p,f,y,f,f,d
p,f,g,f,f,d
p,f,y,f,f,g
p,f,y,f,f,g
p,f,g,f,f,g
p,f,b,t,f,g
p,f,w,t,n,m
p,x,y,f,f,p
p,f,y,f,f,p
p,f,g,f,f,g
p,x,y,f,f,d
p,x,y,f,f,p
p,x,y,f,f,d
e,f,g,t,n,d
e,x,u,f,n,d
p,x,g,f,f,d
p,f,y,f,f,g
p,x,y,f,f,d
p,f,g,f,f,d
p,x,y,f,f,p
p,x,y,f,f,d
p,x,y,f,f,p
p,f,y,f,f,g
p,x,g,f,f,p
p,f,g,f,f,g
p,f,g,f,f,p
p,x,y,f,f,p
e,f,e,t,n,d
p,x,y,f,f,d
p,f,g,f,f,d
p,x,g,f,f,p
p,f,g,f,f,p
p,f,g,f,f,p
p,f,g,f,f,d
p,f,g,f,f,g
p,f,g,f,f,d
p,f,y,f,f,d
p,x,y,f,f,d
p,x,g,f,f,p
p,x,g,f,f,p
p,x,w,f,c,d
p,f,g,f,f,d
p,x,y,f,f,p
p,f,g,f,f,d
p,x,y,f,f,g
p,f,g,f,f,d
p,f,g,f,f,d
p,f,y,f,f,p
p,x,g,f,f,g
p,f,y,f,f,g
p,f,y,f,f,p
p,x,y,f,f,d
p,f,y,f,f,g
p,x,y,f,f,p
p,f,y,f,f,d
p,x,y,f,f,g
p,f,g,f,f,d
p,f,g,f,f,d
p,f,y,f,f,g
p,f,g,f,f,d
p,f,g,f,f,g
p,f,y,f,f,d
p,x,y,f,f,d
p,x,y,f,f,d
p,f,y,f,f,d
p,x,y,f,f,d
p,x,y,f,f,g
p,x,n,f,y,d
e,f,b,t,n,w
p,x,y,f,f,g
p,x,y,f,f,d
p,f,g,f,f,d
p,x,y,f,f,d
p,f,g,f,f,p
p,f,g,f,f,d
p,f,g,f,f,p
p,x,y,f,f,p
p,f,y,f,f,g
p,f,y,f,f,d
p,f,g,f,f,p
p,f,g,f,f,g
p,f,g,f,f,g
p,f,g,f,f,d
p,f,g,f,f,d
p,f,g,f,f,p
p,x,g,f,c,d
p,f,b,t,f,g
e,f,e,t,n,d
p,x,y,f,f,p
p,x,g,f,f,d
p,f,g,f,f,g
e,f,g,t,n,d
p,x,y,f,f,d
p,x,y,f,f,p
p,f,y,f,f,p
p,x,y,f,f,p
p,x,y,f,f,d
p,x,g,f,f,g
p,f,w,t,f,u
p,x,g,f,f,d
p,x,y,f,f,g
p,f,g,f,f,p
p,x,g,f,f,p
p,x,y,f,f,d
e,f,u,f,n,d
p,f,y,f,f,d
p,f,g,f,f,g
p,x,y,f,f,g
p,f,g,f,f,g
e,f,n,t,n,d
p,x,y,f,f,p
p,f,g,f,f,d
p,x,g,f,f,p
p,f,y,f,f,g
p,x,y,f,f,d
p,x,y,f,f,p
p,x,y,f,f,p
p,f,g,f,f,g
p,x,w,t,f,u
e,f,e,t,n,w
e,x,u,f,n,d
p,x,y,f,f,g
p,x,g,f,f,d
p,x,y,f,f,p
p,f,g,f,f,d
p,x,g,f,f,p
p,f,g,f,f,g
p,f,y,f,f,g
p,x,g,f,f,p
p,f,g,f,f,p
e,f,p,t,n,w
p,f,g,f,f,p
p,x,y,f,f,p
p,x,g,f,f,p
p,f,y,f,f,g
p,x,y,f,f,d
p,f,g,f,f,d
p,f,y,f,f,p
p,x,g,f,f,g
p,x,g,f,f,d
p,f,y,f,f,p
p,f,g,f,f,d
p,x,g,f,f,p
p,f,y,f,f,p
p,f,g,f,f,d
p,x,g,f,f,g
p,f,g,f,f,d
p,x,g,f,f,g
p,f,g,f,f,d
p,x,y,f,f,p
p,x,y,f,f,g
p,x,g,f,f,p
p,f,y,f,f,p
e,f,n,t,n,d
p,f,g,f,f,d
p,x,y,f,f,p
p,x,g,t,f,g
p,f,y,f,f,p
p,x,y,f,f,p
p,x,w,f,c,d
p,x,y,f,f,d
p,f,b,t,f,u
p,x,y,f,f,g
p,x,g,f,f,d
p,f,y,f,f,g
p,f,p,t,n,g
p,f,b,t,f,u
p,x,g,f,f,g
p,x,g,f,f,g
p,x,g,f,f,g
p,f,g,f,f,p
p,f,g,f,f,p
p,x,y,f,f,p
p,f,y,f,f,p
e,f,u,f,n,d
p,x,y,f,f,g
e,f,e,t,n,d
p,f,y,f,f,g
p,x,y,f,f,g
p,x,n,f,f,l
p,x,g,f,f,g
p,x,y,f,f,d
p,f,g,f,f,g
p,x,g,f,f,p
p,x,g,f,f,g
p,x,y,f,f,d
p,f,y,f,f,g
p,f,g,f,f,p
p,f,g,f,f,g
e,f,n,t,n,d
p,x,y,f,f,g
e,f,e,t,n,d
p,x,y,f,f,d
p,x,g,f,f,p
p,f,g,f,f,p
p,x,y,f,f,p
p,f,g,f,f,d
p,f,g,f,f,d
p,f,g,f,f,p
p,f,g,f,f,g
p,x,y,f,f,d
p,x,y,f,f,p
p,f,y,f,f,d
p,x,g,f,f,d
p,f,y,f,f,p
p,f,g,f,f,d
p,x,p,f,c,d
p,f,y,f,f,d
p,x,g,f,f,d
p,x,y,f,f,g
p,x,g,f,f,d
p,f,y,f,f,p
p,x,g,f,f,p
p,x,y,f,f,d
p,f,g,f,f,d
p,f,g,f,f,g
p,x,y,f,f,d
p,f,y,f,f,d
p,x,g,f,f,d
p,x,y,f,f,d
p,x,g,f,f,d
p,x,g,f,f,g
p,x,y,f,f,g
p,x,g,f,f,d
p,f,g,f,f,p
p,f,g,f,f,g
p,x,g,f,f,p
p,x,y,f,f,d
p,x,g,f,f,d
p,f,g,f,f,p
p,x,y,f,f,p
p,x,y,f,f,d
p,f,g,f,f,d
p,f,g,f,f,p
e,x,p,t,n,w
p,f,y,f,f,d
p,x,p,f,c,d
p,x,y,f,f,g
p,f,g,f,f,p
p,x,y,f,f,g
e,f,e,t,n,d
p,x,y,f,f,d
p,x,y,f,f,g
p,f,g,f,f,g
p,f,y,f,f,g
e,f,n,t,n,d
p,x,y,f,f,p
p,f,g,f,f,p
p,x,y,f,f,p
p,f,y,f,f,d
p,f,y,f,f,d
p,f,g,f,f,g
p,f,g,f,f,g
p,x,y,f,f,g
p,f,g,f,f,p
p,x,y,f,f,g
e,f,g,t,n,d
p,x,g,t,f,g
p,x,n,f,f,p
p,f,g,t,f,g
p,f,g,f,f,g
p,f,y,f,f,g
p,f,g,f,f,d
e,f,e,t,n,w
p,f,g,f,f,p
p,x,y,f,f,g
p,f,g,f,f,d
p,x,y,f,f,d
p,f,y,f,f,g
e,f,n,t,n,w
p,f,g,f,f,g
p,k,n,f,n,d
p,f,g,f,f,d
p,f,y,f,f,p
p,x,n,f,s,p
p,f,g,f,f,d
p,f,g,f,f,p
p,f,w,t,f,g
p,f,y,f,f,d
p,x,g,f,f,g
p,x,y,f,f,g
e,x,e,t,n,w
p,f,y,f,f,d
p,b,y,f,n,d
p,f,y,f,f,d
p,x,g,t,f,u
p,f,y,f,f,d
p,f,y,f,f,g
e,k,e,t,n,w
p,f,y,f,f,p
p,f,y,f,f,p
e,k,n,f,n,l
p,x,w,f,c,d
p,x,y,f,f,g
p,x,y,f,f,p
p,x,y,f,f,d
p,f,y,f,f,p
p,b,b,t,n,g
p,x,w,t,f,g
e,f,e,t,n,d
p,b,w,t,n,m
e,f,p,t,n,w
p,x,w,t,f,g
e,k,n,t,n,w
p,x,y,f,f,p
p,f,b,t,f,u
p,f,g,f,f,d
p,x,y,f,f,d
p,x,g,f,f,d
p,x,y,f,f,p
p,x,y,f,f,d
p,x,y,f,f,d
p,x,y,f,f,p
p,x,g,f,f,p
p,f,g,f,f,p
e,k,e,t,n,w
e,f,n,t,n,w
e,f,b,t,n,w
p,x,y,f,f,d
e,f,g,t,n,d
p,f,y,f,f,p
p,f,g,f,f,g
p,x,g,t,f,g
p,f,g,f,f,p
p,x,y,f,f,d
p,f,y,f,f,g
p,x,n,f,f,l
p,f,g,f,f,p
e,f,n,t,n,w
e,f,e,t,n,d
p,f,g,f,f,g
p,x,y,f,f,p
p,f,g,f,f,d
e,f,e,t,n,d
p,x,y,f,f,p
p,f,y,f,f,p
p,f,g,f,f,p
p,f,y,f,f,d
p,x,g,f,f,d
p,b,w,t,n,m
p,f,y,f,f,p
p,x,n,f,f,d
p,f,g,f,f,g
p,x,y,f,f,g
p,f,y,f,f,p
e,f,p,t,n,w
p,x,w,t,f,g
p,f,g,f,f,g
p,x,g,f,f,p
p,x,y,f,f,g
p,f,b,t,f,u
p,x,g,f,c,d
p,x,y,f,f,p
p,f,g,f,f,g
p,f,y,f,f,p
e,x,r,f,n,d
e,f,w,f,n,d
p,x,y,f,f,d
p,f,y,f,f,p
p,f,y,f,f,g
p,x,e,f,y,p
p,x,e,f,y,l
p,x,g,f,f,d
p,x,y,f,f,g
p,f,g,f,f,d
p,x,g,f,f,g
p,x,y,f,f,d
p,f,y,f,f,p
e,f,e,t,n,w
p,f,y,f,f,p
p,x,y,f,f,p
p,f,g,t,f,g
p,f,y,f,f,g
p,x,y,f,f,d
p,x,y,f,f,p
p,x,g,t,f,u
p,f,g,f,f,g
p,f,g,f,f,g
p,x,w,f,c,d
p,f,g,f,f,p
e,f,e,t,n,d
p,x,y,f,f,g
p,x,y,f,f,p
e,k,b,t,n,w
p,f,y,f,f,g
p,f,y,f,f,d
p,x,y,f,f,g
e,x,n,f,n,l
e,x,e,t,n,w
p,x,g,f,f,p
p,x,y,f,f,g
p,f,g,t,f,g
p,x,y,f,f,g
p,f,g,f,f,p
p,x,g,f,f,g
p,x,n,f,s,p
e,k,b,t,n,w
p,f,y,f,f,d
p,x,g,f,f,p
p,f,g,f,f,p
p,x,y,f,f,d
p,f,y,f,f,g
e,k,p,t,n,w
p,f,n,f,n,d
p,x,g,f,f,d
p,x,y,f,f,d
p,x,g,f,f,p
p,f,b,t,f,u
e,f,b,t,n,w
p,f,w,t,f,u
p,f,g,f,f,p
p,x,y,f,f,p
p,f,g,f,f,p
p,f,y,f,f,g
p,f,y,f,f,d
p,x,b,t,f,u
p,f,g,f,f,p
p,x,g,f,f,d
p,f,y,f,f,g
p,f,y,f,f,d
p,f,g,t,f,u
e,f,b,t,n,w
e,x,p,t,n,w
e,k,n,t,n,w
p,f,p,t,n,g
p,f,g,f,f,p
p,x,y,f,f,p
p,f,g,f,f,g
p,f,g,f,f,d
p,x,y,f,f,p
p,f,g,f,f,d
p,f,g,f,f,d
p,f,y,f,f,d
p,f,y,f,f,g
p,f,y,f,f,g
p,x,y,f,f,d
p,x,y,f,f,p
p,f,g,f,f,g
p,f,g,f,f,d
p,x,y,f,f,p
p,x,y,f,f,p
e,f,u,f,n,d
p,f,g,f,f,g
p,x,n,f,y,l
p,x,y,f,f,g
p,x,y,f,f,p
p,x,g,f,f,g
p,f,y,f,f,d
p,x,y,f,f,d
p,x,g,f,f,p
e,f,b,t,n,w
p,f,g,f,f,p
p,f,y,f,f,d
e,x,n,t,n,w
p,f,g,f,f,p
p,x,g,f,f,d
p,x,n,f,f,p
p,f,y,f,f,d
p,x,n,f,n,d
p,b,b,t,n,g
p,f,y,f,f,d
p,f,g,f,f,d
e,f,u,f,n,d
p,x,y,f,f,g
p,f,y,f,f,g
p,f,y,f,f,g
p,x,y,f,f,d
e,x,e,t,n,w
p,f,g,f,f,g
p,x,y,f,f,g
p,x,y,f,f,p
p,f,g,f,f,p
e,k,b,t,n,w
p,f,y,f,f,d
p,x,g,f,f,p
p,x,y,f,f,d
p,f,y,f,f,p
p,f,w,t,f,u
p,x,g,f,c,d
p,f,y,f,f,d
e,f,u,f,n,d
p,x,y,f,f,d
p,f,g,f,f,d
p,x,y,f,f,g
p,x,y,f,f,p
p,x,g,t,f,u
p,f,g,f,f,d
p,f,y,f,f,p
p,f,y,f,f,d
p,x,g,f,f,d
p,x,g,f,f,g
p,x,g,f,f,d
p,x,g,f,f,g
p,x,y,f,f,p
p,f,g,f,f,g
p,f,y,f,f,d
p,x,g,f,f,p
p,f,y,f,f,p
p,x,n,f,s,l
p,x,y,f,f,p
p,x,y,f,f,p
p,f,b,t,f,g
p,f,g,f,f,d
p,f,y,f,f,p
p,x,y,f,f,p
p,f,g,f,f,d
p,x,y,f,f,d
p,x,g,f,f,d
p,x,e,f,y,l
e,k,b,t,n,w
e,f,b,t,n,w
p,x,g,f,f,d
p,f,y,f,f,p
p,x,g,f,f,g
p,f,g,f,f,g
p,x,b,t,f,u
p,f,y,f,f,p
p,x,w,t,f,u
p,x,y,f,f,p
p,x,g,f,f,p
p,x,w,t,f,u
p,f,b,t,f,g
p,x,w,t,f,u
p,f,y,f,f,d
p,f,g,f,f,p
p,x,y,f,f,g
p,f,g,f,f,p
e,x,w,f,n,d
e,x,e,t,n,w
p,x,g,f,f,g
p,f,g,f,f,g
p,x,n,f,y,l
p,x,g,f,f,p
p,f,g,f,f,p
p,f,y,f,f,p
p,f,y,f,f,d
e,f,e,t,n,d
p,x,y,f,f,g
p,f,y,f,f,d
p,f,g,f,f,p
p,x,y,f,f,g
p,x,y,f,f,p
p,k,y,f,n,d
p,f,y,f,f,g
e,k,c,f,n,l
p,f,g,f,f,p
p,f,y,f,f,p
p,x,g,f,f,d
p,x,g,f,f,p
p,f,y,f,f,g
p,f,y,f,f,d
p,x,y,f,f,d
p,f,y,f,f,p
p,x,y,f,f,d
p,b,p,t,n,g
e,k,p,t,n,w
p,x,y,f,f,p
p,x,y,f,f,g
e,k,b,t,n,w
p,f,y,f,f,d
p,x,w,t,f,u
p,x,n,f,s,p
p,x,n,f,y,d
p,x,e,f,y,p
p,f,w,t,n,l
p,x,g,t,f,u
e,f,c,f,n,l
p,x,g,f,f,g
p,f,y,f,f,d
p,f,y,f,f,p
e,f,p,t,n,w
p,x,b,t,f,g
p,x,g,t,f,g
p,x,e,f,y,p
e,k,c,f,n,l
p,x,w,t,f,u
p,x,w,t,f,g
p,f,b,t,f,u
p,f,b,t,f,g
e,k,c,f,n,l
p,x,g,f,f,d
p,f,w,t,f,g
p,f,g,t,f,u
p,c,w,t,n,l
p,x,g,t,f,u
p,b,w,t,n,l
p,x,b,t,f,g
p,f,w,t,f,u
p,b,y,f,n,d
p,x,n,f,s,d
p,x,n,f,y,d
e,k,n,t,n,w
e,k,b,t,n,w
p,f,w,t,f,g
p,f,b,t,n,m
p,f,y,f,f,p
p,x,g,f,f,g
p,f,b,t,n,g
p,x,n,f,f,p
p,x,e,f,y,p
p,f,g,f,f,d
e,x,e,t,n,w
p,x,n,f,f,l
p,x,y,f,f,g
p,x,n,f,y,d
e,f,n,f,n,l
p,x,n,f,f,p
e,x,b,t,n,w
e,f,n,t,n,w
p,f,y,f,f,p
p,f,b,t,n,m
p,x,n,f,n,d
p,x,n,f,y,l
p,x,b,t,f,g
p,x,b,t,f,g
p,f,y,f,f,p
p,f,g,t,f,g
p,x,n,f,f,l
p,x,b,t,f,g
p,f,n,f,n,d
e,x,e,t,n,w
p,f,b,t,f,g
p,f,w,t,f,g
e,k,e,t,n,w
p,x,y,f,f,p
p,x,n,f,n,d
e,x,n,t,n,w
p,x,g,f,f,g
p,f,b,t,f,g
p,f,b,t,f,g
p,f,y,f,f,g
p,f,y,f,f,d
e,x,p,t,n,w
e,f,p,t,n,w
p,b,w,t,n,g
e,x,c,f,n,l
e,f,n,t,n,w
p,x,b,t,f,u
p,x,g,t,f,g
p,f,y,f,f,d
p,x,b,t,f,u
p,x,w,t,f,g
e,f,c,f,n,l
p,x,e,f,y,d
p,f,y,f,f,d
e,x,w,f,n,d
p,x,y,f,f,p
p,f,p,t,n,g
p,f,g,t,f,u
p,x,n,f,s,d
e,k,p,t,n,w
p,x,n,f,f,l
p,x,g,f,f,p
p,f,b,t,f,u
e,k,p,t,n,w
p,x,y,f,f,p
p,f,g,f,f,g
p,f,g,f,f,d
p,x,b,t,f,g
p,x,n,f,f,p
p,x,y,f,f,d
p,f,y,f,f,d
p,f,n,f,n,d
e,k,b,t,n,w
p,f,y,f,f,g
p,x,e,f,y,l
p,x,g,t,f,u
e,f,n,t,n,w
p,x,g,f,f,p
p,x,n,f,y,d
p,x,g,t,f,u
p,x,g,t,f,g
p,f,p,t,n,m
e,k,b,t,n,w
p,x,w,t,f,u
p,x,n,f,y,d
e,k,n,t,n,w
p,f,y,f,f,d
e,x,p,t,n,w
p,f,g,t,f,u
e,x,p,t,n,w
p,b,n,f,n,d
p,f,b,t,f,g
p,x,n,f,f,p
p,x,n,f,f,d
p,x,b,t,f,u
p,x,n,f,f,l
e,k,p,t,n,w
e,k,c,f,n,l
p,x,y,f,f,g
e,x,n,t,n,w
p,f,g,f,f,p
p,f,y,f,f,d
p,f,g,t,f,u
p,k,w,t,n,l
e,k,n,f,n,l
p,k,y,f,n,d
p,f,w,t,f,g
p,f,y,f,n,d
p,f,y,f,f,d
e,k,b,t,n,w
p,f,y,f,f,p
p,x,n,f,y,p
p,x,y,f,f,d
p,x,y,f,f,p
p,b,w,t,n,g
p,f,y,f,f,g
p,x,w,t,f,g
p,x,b,t,f,g
e,k,b,t,n,w
p,f,y,f,f,p
p,x,b,t,f,g
p,b,b,t,n,m
p,x,w,t,f,g
e,k,n,t,n,w
p,f,g,t,f,u
p,x,y,f,n,d
p,f,g,t,f,g
p,f,y,f,f,d
p,k,n,f,n,d
p,f,b,t,f,u
e,f,e,t,n,w
p,x,n,f,f,d
p,x,n,f,y,d
p,x,n,f,y,l
p,x,w,t,f,u
e,k,n,t,n,w
p,f,g,f,f,g
e,x,b,t,n,w
p,f,w,t,f,u
e,k,n,f,n,l
p,x,n,f,s,l
p,f,w,t,f,g
p,x,g,t,f,u
p,k,y,f,n,d
p,f,w,t,n,m
p,f,y,f,f,p
e,k,p,t,n,w
p,f,w,t,n,l
p,f,b,t,f,u
e,f,w,f,n,d
e,x,r,f,n,d
e,x,b,t,n,w
p,f,g,t,f,g
p,x,e,f,y,d
p,f,y,f,f,p
p,f,g,t,f,g
p,f,b,t,f,g
e,f,e,t,n,w
p,x,e,f,y,d
p,f,g,f,f,g
p,f,y,f,f,d
e,x,n,t,n,w
p,f,g,t,f,g
p,x,n,f,s,l
p,f,w,t,f,g
e,x,c,f,n,l
p,f,g,t,f,g
p,f,g,f,f,p
e,x,r,f,n,d
p,x,y,f,f,p
p,x,n,f,f,l
p,x,n,f,s,l
e,f,e,t,n,w
p,x,g,t,f,u
e,k,n,t,n,w
e,f,e,t,n,w
p,x,n,f,f,p
p,b,n,f,n,d
p,x,n,f,s,p
e,f,b,t,n,w
p,x,w,t,f,g
p,f,y,f,f,g
e,f,n,t,n,w
p,b,w,t,n,m
e,x,n,f,n,l
p,f,y,f,f,p
p,x,b,t,f,g
p,x,n,f,s,l
p,x,g,t,f,u
p,f,g,t,f,u
p,x,n,f,f,p
e,f,w,f,n,d
p,x,n,f,s,l
p,f,g,f,f,g
p,x,e,f,y,l
p,x,w,t,f,g
p,f,g,f,f,d
p,x,w,t,f,u
p,k,y,f,n,d
p,f,w,t,f,u
p,f,g,t,f,u
e,x,c,f,n,l
p,x,w,t,f,u
p,x,n,f,s,p
p,f,p,t,n,g
p,f,y,f,f,p
e,x,p,t,n,w
p,f,b,t,n,g
p,x,y,f,n,d
p,f,y,f,f,p
e,f,n,f,n,l
e,x,n,f,n,l
p,x,n,f,y,l
p,f,g,t,f,u
p,x,b,t,f,u
p,f,g,t,f,g
p,x,b,t,f,g
e,x,r,f,n,d
p,f,y,f,f,d
p,f,g,t,f,u
p,x,n,f,f,p
p,f,y,f,f,g
p,f,w,t,f,u
p,x,w,t,f,u
p,f,g,f,f,p
p,f,y,f,f,p
p,x,n,f,f,d
p,x,y,f,n,d
e,f,n,t,n,w
p,f,y,f,f,d
p,f,g,t,f,u
p,x,n,f,y,l
p,f,y,f,f,d
p,f,y,f,f,d
p,f,w,t,f,u
p,f,p,t,n,m
p,f,y,f,f,g
e,k,p,t,n,w
p,x,b,t,f,g
p,x,w,t,f,g
p,x,w,t,f,g
p,x,n,f,f,d
p,b,p,t,n,m
p,x,b,t,f,u
e,x,p,t,n,w
p,x,n,f,s,p
p,x,y,f,f,p
p,x,w,t,f,u
e,f,b,t,n,w
p,f,b,t,f,u
e,x,c,f,n,l
e,f,p,t,n,w
e,x,n,f,n,l
e,f,p,t,n,w
p,f,g,t,f,u
e,k,e,t,n,w
e,k,e,t,n,w
p,f,w,t,f,g
e,k,b,t,n,w
p,x,b,t,f,g
p,b,y,f,n,d
p,x,w,t,f,u
p,x,y,f,f,g
p,f,y,f,f,p
p,b,n,f,n,d
p,f,y,f,f,p
p,f,y,f,f,p
e,f,c,f,n,l
p,x,e,f,y,d
p,f,w,t,f,g
p,x,n,f,f,p
p,b,p,t,n,g
p,f,y,f,f,d
p,x,b,t,f,g
p,f,y,f,f,p
p,f,b,t,f,g
p,f,b,t,f,u
p,x,n,f,y,p
p,f,y,f,f,p
e,x,n,t,n,w
p,f,y,f,f,g
e,f,b,t,n,w
e,f,e,t,n,w
e,x,n,t,n,w
p,f,w,t,f,u
p,f,y,f,f,d
e,f,p,t,n,w
e,x,e,t,n,w
p,f,y,f,f,d
p,b,b,t,n,m
p,f,b,t,f,u
p,f,g,t,f,g
p,x,b,t,f,g
p,x,y,f,f,p
p,f,w,t,f,g
p,x,g,t,f,u
e,f,r,f,n,d
p,f,y,f,f,g
p,x,n,f,f,d
p,x,b,t,f,g
e,x,c,f,n,l
p,x,g,t,f,u
e,x,u,f,n,d
p,x,y,f,f,p
p,f,g,f,f,g
p,f,w,t,n,m
p,x,n,f,y,d
p,x,n,f,s,l
p,x,g,f,f,p
e,x,p,t,n,w
p,f,g,t,f,g
p,x,b,t,f,g
p,x,n,f,y,p
p,x,g,t,f,u
p,x,n,f,y,p
p,f,w,t,f,g
p,x,g,t,f,u
p,x,g,t,f,g
p,f,y,f,f,p
p,f,y,f,f,p
p,f,g,f,f,g
p,x,y,f,f,g
p,x,g,t,f,u
p,f,b,t,f,u
p,f,w,t,f,u
p,f,g,f,f,g
p,f,b,t,f,g
p,x,n,f,s,d
p,x,w,t,f,g
e,k,e,t,n,w
p,f,b,t,n,m
p,x,n,f,y,p
e,k,n,t,n,w
p,f,w,t,f,u
p,f,w,t,f,u
p,x,n,f,y,d
p,x,w,t,f,g
p,x,n,f,y,l
p,b,p,t,n,g
p,x,e,f,y,d
p,f,g,f,f,p
p,x,y,f,f,d
p,x,g,f,f,g
p,f,w,t,n,m
p,f,g,t,f,g
e,k,p,t,n,w
p,x,w,t,f,g
e,k,p,t,n,w
p,f,w,t,f,u
p,x,n,f,y,p
p,x,y,f,f,d
p,f,g,f,f,p
p,x,g,f,f,p
e,x,e,t,n,w
p,f,y,f,f,p
p,x,n,f,s,d
p,x,b,t,f,g
p,f,y,f,f,d
e,k,e,t,n,w
p,f,p,t,n,m
p,f,w,t,n,m
p,f,y,f,f,p
p,f,y,f,f,g
e,f,r,f,n,d
p,x,w,t,f,g
p,x,w,t,f,g
p,x,b,t,f,u
p,x,n,f,y,p
e,k,e,t,n,w
e,k,p,t,n,w
e,x,b,t,n,w
p,x,g,t,f,g
p,f,y,f,f,g
p,x,n,f,y,l
p,c,w,t,n,l
p,f,w,t,f,g
p,f,g,t,f,g
p,x,e,f,y,l
p,x,g,t,f,g
p,x,n,f,s,d
e,x,p,t,n,w
e,f,w,f,n,d
p,f,y,f,f,g
p,x,n,f,y,d
p,x,y,f,f,d
p,x,n,f,s,l
p,x,g,t,f,u
p,x,n,f,s,d
e,k,n,f,n,l
p,x,w,t,f,u
p,f,y,f,f,p
e,x,p,t,n,w
p,b,b,t,n,m
p,f,g,f,f,p
e,f,r,f,n,d
p,x,n,f,f,l
p,x,n,f,y,p
p,f,b,t,f,g
p,f,y,f,f,d
p,x,n,f,f,d
e,f,n,t,n,w
p,x,n,f,f,l
e,f,e,t,n,w
e,x,b,t,n,w
e,x,n,t,n,w
p,f,w,t,f,g
e,x,b,t,n,w
p,x,y,f,f,g
p,f,y,f,f,d
p,f,y,f,f,g
e,k,e,t,n,w
p,f,w,t,f,u
e,k,c,f,n,l
e,k,n,f,n,l
p,b,p,t,n,m
p,x,n,f,y,p
p,x,b,t,f,u
e,f,r,f,n,d
p,x,b,t,f,g
e,f,u,f,n,d
p,x,n,f,y,p
p,x,w,t,f,u
e,x,e,t,n,w
e,f,p,t,n,w
p,x,n,f,s,p
p,x,n,f,f,p
p,x,w,t,f,g
p,f,y,f,f,p
e,x,n,t,n,w
e,x,e,t,n,w
p,x,w,t,f,u
p,x,y,f,f,g
p,f,b,t,n,m
p,f,y,f,f,p
p,x,g,t,f,g
e,f,p,t,n,w
e,x,n,t,n,w
p,b,w,t,n,m
p,f,y,f,f,d
p,x,e,f,y,d
p,x,b,t,f,g
p,x,b,t,f,g
p,x,n,f,s,p
p,b,p,t,n,g
e,x,c,f,n,l
p,x,n,f,f,d
p,x,w,t,f,u
p,x,n,f,f,d
e,f,n,f,n,l
p,x,n,f,y,p
p,f,g,t,f,u
p,x,e,f,y,d
e,x,r,f,n,d
p,b,p,t,n,m
e,x,p,t,n,w
p,x,n,f,y,l
p,x,n,f,f,p
p,f,g,t,f,g
p,f,y,f,f,p
p,f,p,t,n,m
p,x,n,f,s,p
p,x,n,f,s,d
e,f,b,t,n,w
p,f,b,t,f,u
e,x,c,f,n,l
e,x,w,f,n,d
p,x,n,f,y,l
e,f,n,f,n,l
p,x,n,f,f,d
p,x,n,f,s,d
e,k,p,t,n,w
p,f,w,t,n,m
p,x,n,f,f,l
p,f,y,f,f,g
e,k,n,f,n,l
p,f,g,t,f,g
p,f,w,t,n,g
p,f,g,f,f,g
e,f,n,t,n,w
p,x,y,f,f,d
p,x,n,f,s,l
p,x,e,f,y,p
p,f,y,f,f,g
p,b,w,t,n,g
p,x,b,t,f,u
e,f,b,t,n,w
e,x,c,f,n,l
p,f,w,t,f,u
e,k,p,t,n,w
e,k,n,t,n,w
e,x,b,t,n,w
p,x,y,f,f,g
p,f,g,t,f,g
p,f,y,f,f,p
e,x,e,t,n,w
p,f,b,t,f,g
e,x,n,f,n,l
p,f,y,f,f,d
p,f,g,f,f,d
p,b,b,t,n,g
p,x,e,f,y,p
p,f,y,f,f,p
p,f,y,f,f,p
p,f,w,t,n,g
e,k,e,t,n,w
p,f,y,f,f,p
e,k,n,t,n,w
p,f,y,f,n,d
p,f,g,f,f,p
p,f,y,f,f,g
p,x,e,f,y,p
e,f,b,t,n,w
p,f,w,t,f,u
p,x,w,t,f,g
p,f,g,f,f,d
e,f,p,t,n,w
p,f,y,f,f,g
p,f,y,f,f,p
e,k,e,t,n,w
e,x,n,t,n,w
p,x,y,f,f,g
p,f,b,t,f,g
p,x,g,f,f,d
p,f,g,t,f,u
p,x,w,t,f,g
p,x,n,f,n,d
p,f,b,t,f,g
e,f,e,t,n,w
p,f,y,f,f,g
p,x,b,t,f,u
e,k,n,f,n,l
p,f,y,f,f,g
e,k,c,f,n,l
p,x,g,f,f,p
p,x,n,f,y,p
e,f,p,t,n,w
p,x,b,t,f,g
p,x,g,f,f,d
p,f,y,f,f,g
p,x,e,f,y,d
e,f,r,f,n,d
p,f,y,f,f,p
p,x,g,t,f,g
p,x,w,t,f,g
p,f,b,t,f,g
e,x,n,t,n,w
p,f,y,f,n,d
e,f,u,f,n,d
p,x,n,f,y,l
e,x,n,t,n,w
p,x,w,t,f,u
p,f,y,f,f,d
e,f,b,t,n,w
e,k,c,f,n,l
p,x,g,t,f,u
p,f,g,f,f,p
p,x,e,f,y,l
e,f,p,t,n,w
e,k,p,t,n,w
p,x,y,f,f,g
p,x,n,f,y,d
e,f,n,t,n,w
p,f,y,f,f,g
p,x,n,f,s,d
e,f,n,t,n,w
p,f,y,f,f,d
p,f,y,f,f,p
p,f,y,f,f,p
e,f,c,f,n,l
p,b,b,t,n,g
e,k,e,t,n,w
p,x,b,t,f,u
p,x,g,t,f,g
p,f,y,f,f,g
p,x,g,t,f,u
p,x,e,f,y,p
p,f,w,t,f,u
e,f,p,t,n,w
p,f,b,t,f,g
p,x,e,f,y,p
e,f,w,f,n,d
e,x,p,t,n,w
p,x,b,t,f,u
p,k,w,t,n,l
p,f,g,t,f,g
p,x,n,f,s,p
e,k,e,t,n,w
p,x,n,f,y,d
p,x,n,f,s,p
p,f,w,t,f,g
e,f,e,t,n,w
p,f,b,t,f,g
p,b,w,t,n,m
e,f,n,f,n,l
p,f,g,t,f,u
p,x,w,t,f,g
p,f,y,f,f,g
e,x,b,t,n,w
e,f,n,t,n,w
e,x,r,f,n,d
e,k,b,t,n,w
p,x,w,t,f,u
p,x,n,f,y,d
e,x,b,t,n,w
p,f,w,t,n,g
p,f,b,t,f,u
p,x,g,t,f,g
e,k,n,t,n,w
p,f,g,t,f,g
e,k,p,t,n,w
p,f,b,t,n,m
p,x,n,f,s,d
p,f,y,f,f,p
p,x,b,t,f,u
e,k,c,f,n,l
p,f,g,t,f,u
p,f,w,t,f,g
p,b,b,t,n,m
p,b,p,t,n,g
p,f,w,t,f,g
e,x,n,t,n,w
p,x,n,f,s,l
p,x,g,f,f,g
e,x,b,t,n,w
p,x,n,f,f,l
p,x,b,t,f,u
p,f,p,t,n,g
p,x,n,f,y,l
p,x,w,t,f,u
p,f,w,t,f,u
e,f,r,f,n,d
p,f,w,t,f,g
p,f,w,t,f,u
e,x,w,f,n,d
p,x,n,f,s,d
e,k,b,t,n,w
p,x,n,f,f,d
p,x,n,f,y,l
p,x,b,t,f,u
e,f,r,f,n,d
p,b,p,t,n,g
p,x,b,t,f,u
e,f,c,f,n,l
e,x,u,f,n,d
p,x,b,t,f,u
e,x,w,f,n,d
p,x,n,f,y,l
e,x,p,t,n,w
p,f,p,t,n,m
p,f,n,f,n,d
p,f,y,f,f,p
p,f,w,t,f,g
p,x,g,f,f,g
e,f,e,t,n,w
p,f,b,t,n,g
p,b,p,t,n,m
p,x,n,f,s,l
p,x,b,t,f,u
p,x,y,f,f,p
p,b,w,t,n,g
e,f,n,f,n,l
p,f,y,f,f,g
p,f,y,f,f,p
p,f,y,f,f,g
p,x,g,t,f,u
p,x,e,f,y,l
p,x,y,f,n,d
p,x,n,f,f,p
p,f,w,t,f,g
p,f,g,f,f,g
e,f,n,f,n,l
p,x,g,t,f,g
p,f,b,t,f,u
e,f,e,t,n,w
p,x,b,t,f,u
p,f,y,f,f,d
p,x,n,f,f,d
p,f,w,t,f,g
p,f,g,t,f,g
p,f,y,f,f,g
e,f,c,f,n,l
p,x,n,f,s,l
e,k,e,t,n,w
p,x,n,f,y,l
p,f,w,t,f,g
p,x,e,f,y,l
e,x,n,t,n,w
p,f,g,f,f,p
p,x,w,t,f,u
e,f,e,t,n,w
p,f,y,f,f,d
p,f,y,f,f,d
e,f,e,t,n,w
p,f,g,t,f,g
e,k,n,t,n,w
p,f,y,f,f,d
p,x,w,t,f,g
p,x,n,f,s,p
p,f,y,f,f,g
p,f,w,t,n,g
p,x,n,f,s,d
e,f,w,f,n,d
e,x,w,f,n,d
p,x,n,f,f,p
p,f,g,t,f,u
e,x,u,f,n,d
p,f,w,t,n,g
p,x,y,f,f,d
p,f,g,t,f,g
p,f,y,f,f,p
p,x,y,f,f,g
p,f,y,f,f,d
p,x,g,t,f,g
e,f,r,f,n,d
p,f,w,t,f,g
e,k,n,t,n,w
p,x,n,f,s,d
p,x,g,t,f,g
p,f,y,f,f,g
p,b,w,t,n,m
p,x,n,f,f,d
p,b,b,t,n,m
p,f,y,f,f,g
p,x,g,f,f,d
e,x,e,t,n,w
e,k,b,t,n,w
p,x,n,f,f,l
e,x,e,t,n,w
p,f,b,t,n,m
e,f,n,t,n,w
p,x,e,f,y,p
e,f,b,t,n,w
p,x,g,t,f,u
p,f,b,t,n,g
p,x,n,f,s,l
p,x,e,f,y,l
p,f,y,f,f,g
p,x,n,f,f,l
p,x,n,f,s,d
p,f,g,t,f,u
e,x,p,t,n,w
e,x,u,f,n,d
p,f,y,f,f,p
p,x,g,t,f,g
p,x,n,f,s,l
p,f,g,t,f,u
p,x,b,t,f,g
p,x,y,f,f,g
p,b,w,t,n,g
e,k,n,t,n,w
p,x,e,f,y,d
p,f,y,f,f,p
e,x,b,t,n,w
p,x,b,t,f,g
p,f,g,t,f,u
p,f,b,t,f,u
p,f,y,f,f,d
p,x,n,f,f,p
p,f,w,t,f,u
e,k,n,t,n,w
e,x,e,t,n,w
e,x,w,f,n,d
p,f,b,t,f,u
p,f,g,t,f,u
e,f,e,t,n,w
p,f,y,f,f,g
p,x,n,f,s,l
p,f,w,t,n,g
p,f,g,f,f,d
e,x,n,f,n,l
p,f,y,f,f,d
p,x,w,t,f,u
e,x,b,t,n,w
e,x,p,t,n,w
p,x,g,t,f,g
p,f,g,f,f,p
p,x,w,t,f,g
p,x,y,f,f,p
p,f,w,t,f,u
e,k,n,t,n,w
e,x,p,t,n,w
p,f,y,f,f,g
e,f,b,t,n,w
e,x,e,t,n,w
p,x,g,t,f,u
p,f,b,t,f,u
p,f,y,f,f,p
p,x,b,t,f,u
p,f,w,t,f,g
p,f,y,f,f,g
p,f,y,f,f,d
p,f,g,f,f,p
p,f,g,f,f,p
p,b,p,t,n,m
p,x,n,f,f,l
p,b,w,t,n,g
e,x,n,t,n,w
p,x,n,f,y,p
p,x,n,f,y,p
p,x,n,f,f,p
p,f,b,t,f,g
p,b,y,f,n,d
p,x,g,t,f,u
e,f,p,t,n,w
e,k,p,t,n,w
e,f,n,t,n,w
p,b,p,t,n,m
p,x,g,t,f,g
p,x,g,t,f,g
p,x,y,f,f,g
p,x,n,f,s,p
p,f,b,t,n,g
p,x,b,t,f,u
p,b,b,t,n,g
e,f,w,f,n,d
e,x,n,f,n,l
p,x,y,f,f,p
p,f,b,t,f,g
p,f,y,f,f,g
e,k,e,t,n,w
p,f,y,f,f,p
p,b,n,f,n,d
p,x,n,f,s,p
p,f,y,f,f,d
p,x,y,f,f,g
p,x,g,t,f,g
p,x,n,f,f,d
e,x,n,t,n,w
e,f,n,f,n,l
p,f,b,t,n,g
p,k,n,f,n,d
p,f,g,f,f,g
p,x,n,f,s,p
p,f,g,f,f,d
p,f,g,f,f,d
p,x,g,t,f,g
e,x,r,f,n,d
p,x,n,f,y,p
p,f,p,t,n,m
p,x,e,f,y,l
p,f,b,t,f,g
p,x,b,t,f,u
e,k,e,t,n,w
p,f,b,t,f,g
e,x,n,f,n,l
p,f,y,f,f,d
e,f,w,f,n,d
p,f,w,t,f,u
p,f,p,t,n,g
p,f,y,f,f,d
p,f,g,t,f,g
p,x,n,f,f,l
p,f,y,f,f,g
p,f,g,t,f,g
p,f,w,t,f,u
p,x,n,f,s,d
p,f,y,f,f,d
p,x,n,f,f,d
p,b,b,t,n,g
p,f,y,f,f,g
p,x,e,f,y,l
p,x,n,f,f,d
e,k,b,t,n,w
e,x,w,f,n,d
p,f,b,t,f,u
p,f,y,f,f,g
p,x,e,f,f,p
p,f,e,f,s,d
p,x,e,f,f,d
p,x,n,f,f,p
p,f,n,f,f,p
p,f,e,f,s,d
p,k,n,f,y,l
p,f,e,f,y,p
p,x,e,f,s,l
p,f,n,f,f,p
p,f,e,f,f,d
p,x,e,f,s,l
p,x,n,f,s,l
p,f,e,f,f,d
p,f,e,f,y,l
p,f,e,f,f,p
p,f,n,f,y,p
p,f,n,f,f,p
p,x,e,f,s,d
p,k,n,f,y,p
p,x,n,f,f,l
p,f,e,f,y,d
p,f,e,f,s,l
p,k,e,f,y,p
p,f,e,f,y,d
p,x,n,f,s,p
p,f,e,f,y,d
p,f,n,f,y,l
p,f,e,f,s,d
p,f,e,f,y,l
p,f,n,f,s,p
p,f,e,f,s,p
p,x,e,f,s,l
p,f,e,f,f,p
p,x,n,f,s,d
p,f,n,f,s,p
p,x,e,f,f,l
p,f,n,f,y,l
e,b,n,f,n,l
p,f,n,f,y,d
e,x,n,f,n,l
p,f,e,f,y,d
p,f,n,f,s,l
p,f,e,f,y,p
p,f,n,f,y,l
p,x,e,f,y,l
p,x,n,f,f,d
p,f,n,f,s,d
p,f,e,f,y,d
p,f,n,f,f,d
p,f,n,f,s,p
p,f,n,f,f,l
p,f,e,f,s,d
p,f,e,f,y,l
p,x,e,f,f,l
p,x,e,f,y,d
p,f,e,f,f,d
p,f,n,f,y,p
p,x,e,f,f,d
p,k,e,f,s,l
p,k,n,f,f,l
p,f,n,f,f,d
p,x,e,f,s,l
p,x,e,f,f,l
p,f,e,f,s,p
p,f,n,f,s,l
p,f,e,f,f,p
p,x,n,f,s,p
e,x,w,f,n,g
p,f,n,f,y,p
p,x,n,f,f,d
p,x,e,f,f,d
p,f,n,f,s,l
p,f,n,f,s,l
p,x,e,f,s,l
p,x,e,f,f,d
p,f,n,f,y,l
p,k,n,f,f,p
p,f,n,f,s,p
p,x,n,f,s,l
p,f,e,f,y,l
p,x,e,f,y,d
p,f,n,f,s,l
p,f,n,f,s,p
p,k,n,f,y,l
p,f,n,f,s,d
p,f,n,f,y,d
p,x,e,f,s,l
p,f,n,f,y,l
p,f,n,f,s,d
p,f,e,f,f,l
p,f,n,f,y,l
p,f,n,f,f,d
p,f,n,f,f,l
p,f,e,f,y,l
p,f,e,f,f,l
p,x,e,f,f,p
p,f,n,f,y,p
p,x,e,f,y,d
p,f,e,f,f,l
p,x,n,f,f,p
p,f,n,f,s,p
p,f,e,f,f,d
p,x,e,f,s,l
p,f,n,f,y,d
p,f,n,f,y,l
p,x,e,f,s,l
p,f,n,f,y,l
p,f,n,f,s,l
p,x,n,f,f,p
p,f,e,f,y,p
p,x,e,f,s,l
p,x,e,f,f,p
p,f,e,f,f,l
p,f,e,f,f,d
p,x,e,f,s,l
p,x,e,f,s,l
p,x,n,f,f,l
p,x,e,f,f,l
p,k,e,f,s,p
e,x,c,t,n,p
p,x,e,f,y,p
p,f,n,f,y,d
p,x,n,f,y,l
p,f,n,f,s,p
p,f,e,f,y,l
p,f,e,f,s,l
p,x,e,f,f,l
p,x,e,f,f,l
p,x,n,f,y,d
p,x,e,f,f,d
p,f,e,f,f,p
p,f,n,f,y,l
p,f,e,f,y,p
p,x,e,f,s,l
p,k,e,f,f,p
p,f,n,f,s,d
p,f,n,f,y,d
p,x,e,f,y,p
p,f,n,f,f,l
p,f,e,f,s,p
p,f,e,f,y,l
e,b,w,f,n,g
p,x,e,f,s,l
p,x,e,f,f,p
p,f,e,f,s,l
p,f,e,f,y,l
e,k,w,f,n,g
p,x,n,f,s,p
p,f,n,f,s,p
p,x,n,f,s,d
p,f,e,f,f,d
p,x,n,f,f,p
p,x,n,f,f,p
p,x,e,f,s,p
p,k,n,f,y,d
p,x,e,f,f,d
p,x,e,f,f,d
p,x,e,f,f,d
p,x,e,f,s,d
p,x,e,f,f,d
p,x,e,f,s,l
p,x,e,f,s,d
p,f,e,f,s,d
p,x,n,f,y,d
p,f,n,f,y,d
p,x,e,f,f,d
p,f,e,f,y,p
p,x,n,f,y,l
p,f,e,f,y,d
p,x,n,f,y,l
p,k,n,f,f,p
p,f,e,f,f,l
p,f,e,f,f,l
p,f,e,f,f,p
p,k,n,f,f,p
p,f,n,f,f,l
p,f,e,f,f,p
p,x,e,f,s,d
p,f,e,f,y,l
p,f,e,f,f,l
p,f,n,f,s,d
p,f,n,f,f,d
p,x,e,f,s,p
p,x,e,f,s,l
p,f,e,f,y,p
p,k,e,f,f,d
p,f,e,f,s,p
p,k,n,f,s,d
p,x,e,f,s,l
p,x,e,f,s,p
p,x,n,f,f,l
p,f,n,f,f,l
p,x,e,f,f,p
e,b,g,f,n,g
p,x,e,f,s,p
p,x,e,f,s,d
p,f,e,f,s,l
p,x,e,f,y,p
p,f,e,f,y,d
p,f,e,f,f,l
p,x,n,f,f,d
p,f,n,f,f,p
e,k,w,f,n,g
p,f,e,f,s,p
p,x,e,f,f,p
p,f,n,f,y,l
p,f,n,f,s,l
p,x,e,f,y,l
p,f,e,f,y,d
p,f,e,f,f,p
p,f,n,f,y,p
p,x,e,f,f,p
p,f,e,f,s,d
e,b,g,f,n,g
p,k,e,f,s,l
p,x,e,f,f,l
p,k,e,f,f,l
p,x,n,f,s,p
e,k,w,f,n,g
p,f,e,f,s,d
p,x,n,f,y,p
p,k,e,f,f,p
p,k,n,f,s,l
p,k,e,f,f,p
p,x,e,f,y,d
p,f,e,f,s,p
p,f,e,f,f,p
p,x,e,f,s,d
p,f,n,f,y,d
p,x,e,f,y,d
p,f,n,f,y,l
p,x,e,f,y,l
p,k,n,f,y,l
p,f,e,f,f,l
p,x,n,f,f,p
p,f,n,f,f,d
p,f,e,f,s,d
p,x,e,f,y,d
p,f,n,f,y,d
p,f,n,f,s,l
p,x,e,f,f,d
p,x,e,f,f,d
p,f,e,f,y,l
p,f,e,f,y,l
p,f,e,f,f,d
p,x,n,f,s,l
p,f,n,f,s,d
p,x,n,f,f,l
p,f,n,f,y,p
p,k,n,f,s,d
p,x,e,f,s,p
p,f,n,f,f,d
p,x,e,f,s,p
p,f,e,f,s,d
p,x,e,f,y,d
p,f,e,f,y,l
p,f,e,f,s,d
p,f,e,f,s,l
p,k,e,f,y,l
p,x,e,f,f,p
e,k,g,f,n,g
p,x,n,f,y,l
p,f,e,f,s,d
p,f,n,f,y,d
p,f,e,f,s,l
p,f,n,f,s,p
p,x,e,f,y,p
p,x,e,f,s,p
p,x,e,f,y,d
p,x,e,f,f,p
p,f,e,f,s,d
p,x,e,f,s,p
p,x,n,f,f,l
p,f,n,f,s,l
p,k,n,f,y,d
p,x,e,f,s,p
p,x,n,f,f,l
p,x,e,f,f,p
e,b,w,f,n,g
p,f,e,f,s,p
p,x,e,f,y,l
p,x,e,f,f,d
p,f,n,f,f,p
p,f,e,f,y,l
p,f,n,f,s,d
p,f,e,f,f,d
p,f,n,f,f,d
p,x,e,f,f,l
p,f,n,f,s,d
p,x,n,f,y,l
p,f,e,f,s,p
p,x,n,f,s,d
p,f,e,f,s,l
p,x,e,f,y,p
p,f,n,f,f,p
p,x,e,f,f,l
p,f,n,f,f,p
p,f,n,f,y,p
p,x,n,f,y,p
p,f,e,f,s,d
p,k,n,f,y,p
p,x,e,f,f,l
p,x,e,f,s,d
p,k,n,f,s,d
p,x,e,f,f,p
p,x,e,f,f,p
p,f,n,f,f,l
p,f,e,f,y,d
p,f,e,f,f,p
p,f,n,f,f,l
p,f,e,f,f,p
p,f,e,f,f,l
p,k,e,f,s,d
p,x,n,f,f,d
p,f,n,f,y,d
p,f,e,f,f,p
p,k,n,f,y,d
p,f,n,f,f,p
p,x,e,f,y,l
p,x,e,f,f,p
p,x,e,f,y,p
p,f,n,f,f,l
p,f,n,f,s,p
p,f,e,f,s,p
p,k,n,f,y,l
p,x,n,f,s,d
p,x,e,f,y,l
p,x,n,f,f,l
p,f,e,f,f,p
p,k,e,f,f,d
e,x,g,f,n,g
p,f,e,f,f,l
p,x,e,f,f,l
p,x,e,f,s,l
p,x,e,f,s,d
p,f,n,f,f,p
p,f,n,f,y,l
p,x,n,f,s,p
p,x,e,f,f,l
p,f,e,f,f,d
p,f,n,f,f,l
p,f,n,f,f,l
p,f,n,f,y,d
p,x,e,f,f,l
p,x,e,f,f,p
p,f,n,f,f,l
p,f,n,f,s,d
p,x,e,f,f,d
p,f,n,f,f,l
p,f,n,f,f,p
p,f,n,f,f,p
p,x,n,f,s,l
p,f,n,f,y,l
p,f,n,f,y,p
p,x,n,f,y,p
p,f,n,f,f,p
p,x,n,f,y,p
p,x,n,f,y,p
p,f,n,f,f,p
p,f,n,f,f,d
p,x,e,f,y,d
p,f,e,f,f,l
p,f,n,f,s,d
p,f,e,f,y,l
p,x,n,f,f,p
e,k,w,f,n,g
p,x,n,f,f,p
p,f,n,f,f,d
p,f,n,f,y,p
p,f,n,f,f,d
p,f,n,f,y,d
p,f,n,f,f,l
p,f,n,f,f,d
p,f,e,f,y,p
e,b,n,f,n,l
p,f,e,f,f,d
p,f,e,f,s,p
p,x,e,f,y,l
p,f,n,f,s,l
p,f,e,f,s,p
p,f,n,f,f,l
p,f,e,f,s,l
p,f,n,f,s,p
p,k,n,f,y,p
p,f,e,f,f,l
p,f,e,f,s,d
p,x,e,f,f,p
p,f,n,f,y,l
p,x,e,f,s,p
p,k,n,f,y,p
p,x,n,f,s,p
p,x,e,f,f,d
p,f,n,f,y,d
p,f,e,f,y,d
p,f,n,f,f,p
e,x,w,f,n,g
p,f,n,f,y,d
p,f,n,f,f,l
p,x,e,f,y,l
p,f,e,f,s,l
p,x,n,f,s,p
p,x,e,f,f,l
e,k,g,f,n,g
p,f,e,f,s,l
p,f,e,f,s,p
e,b,w,f,n,g
p,f,n,f,y,l
p,x,e,f,s,l
p,x,e,f,f,d
p,f,n,f,s,p
p,x,n,f,f,d
p,f,e,f,s,p
p,f,e,f,s,l
p,f,e,f,s,l
p,x,e,f,m,d
p,f,n,f,y,d
p,f,e,f,y,d
p,x,e,f,s,p
p,f,e,f,y,p
p,f,e,f,f,p
p,f,e,f,s,l
p,x,e,f,f,l
p,f,e,f,s,p
e,x,n,f,n,l
p,f,n,f,s,d
p,f,e,f,s,l
p,f,e,f,s,l
p,x,n,f,f,p
p,x,e,f,y,d
p,x,e,f,f,d
p,x,e,f,s,p
p,x,e,f,y,p
p,f,e,f,f,p
e,x,n,f,n,l
p,f,n,f,s,p
p,x,e,f,f,p
p,f,n,f,f,d
p,f,e,f,y,p
p,x,e,f,f,d
p,x,n,f,s,d
p,x,n,f,f,l
p,x,n,f,y,l
p,x,e,f,s,d
p,f,n,f,y,l
p,f,n,f,y,l
p,k,e,f,y,l
p,x,n,f,y,d
p,f,n,f,y,p
e,k,w,f,n,g
p,f,e,f,y,l
p,x,e,f,y,l
p,f,n,f,f,d
p,f,n,f,s,p
p,f,e,f,y,d
p,x,n,f,f,p
p,f,n,f,s,l
p,x,n,f,s,l
p,k,n,f,y,l
p,f,e,f,s,d
p,f,e,f,s,l
p,f,e,f,f,l
p,f,e,f,s,p
p,f,n,f,f,p
p,f,n,f,f,l
p,k,n,f,y,l
p,k,n,f,y,p
p,f,e,f,y,p
p,x,e,f,y,d
p,k,n,f,f,l
p,x,e,f,f,p
p,f,n,f,f,d
p,x,e,f,s,l
p,f,n,f,y,p
p,x,n,f,f,l
p,f,e,f,y,d
p,x,n,f,f,l
p,x,e,f,y,p
p,x,e,f,s,d
p,x,n,f,s,p
p,x,e,f,s,d
p,f,e,f,y,p
p,f,e,f,s,d
p,x,e,f,y,d
p,f,e,f,y,l
p,f,e,f,y,p
p,f,e,f,s,l
p,f,n,f,f,d
p,f,n,f,s,p
p,x,e,f,f,p
p,f,n,f,s,l
p,f,n,f,s,d
p,f,n,f,f,l
p,f,e,f,s,l
p,f,e,f,f,p
p,f,n,f,y,d
p,f,e,f,y,d
p,f,e,f,f,d
p,f,n,f,s,d
p,f,e,f,f,d
p,f,n,f,f,d
p,k,e,f,s,d
p,f,e,f,f,d
p,f,e,f,f,d
p,f,e,f,y,d
p,f,n,f,s,l
p,f,e,f,f,p
p,f,n,f,s,p
p,x,e,f,y,d
e,x,w,f,n,g
p,x,e,f,s,d
p,x,e,f,f,l
p,f,n,f,y,l
p,x,e,f,y,d
p,x,n,f,y,d
p,x,n,f,f,p
p,x,n,f,y,l
e,x,g,f,n,g
p,f,e,f,f,l
p,f,e,f,f,l
p,x,e,f,y,p
p,x,n,f,y,p
p,k,e,f,y,p
p,k,e,f,f,d
p,f,e,f,s,d
p,x,n,f,f,l
p,f,n,f,s,l
p,x,e,f,s,p
p,f,n,f,y,d
p,x,n,f,s,p
e,k,w,f,n,g
p,k,n,f,f,d
p,f,e,f,f,d
p,x,e,f,f,d
p,x,n,f,s,l
p,x,n,f,y,d
p,f,e,f,y,l
p,f,n,f,s,l
p,x,e,f,y,l
p,f,e,f,y,p
p,x,e,f,s,d
p,x,n,f,s,p
p,f,n,f,f,l
p,f,e,f,s,l
p,f,n,f,s,l
p,f,n,f,f,d
p,f,n,f,y,p
p,f,e,f,f,p
p,f,e,f,s,l
p,x,e,f,s,p
p,k,e,f,f,p
p,f,e,f,s,p
p,f,n,f,y,p
p,f,n,f,s,d
p,f,e,f,y,p
p,k,e,f,f,p
p,f,e,f,s,p
p,f,n,f,s,p
e,x,n,f,n,l
p,x,n,f,y,l
p,k,n,f,y,l
p,f,n,f,f,d
p,f,n,f,y,d
p,x,n,f,y,p
p,f,n,f,y,d
p,f,e,f,f,p
p,f,e,f,y,d
p,f,n,f,f,l
p,x,e,f,f,l
p,x,n,f,s,p
p,x,e,f,y,p
p,x,e,f,s,d
p,f,e,f,f,l
p,x,e,f,y,p
p,k,e,f,y,l
p,x,e,f,f,p
p,f,n,f,f,p
p,f,n,f,y,l
p,x,n,f,f,d
p,k,e,f,y,p
p,x,e,f,y,l
p,f,n,f,s,d
p,f,e,f,s,d
p,f,n,f,s,p
p,f,n,f,s,l
p,f,e,f,y,p
p,k,n,f,y,p
p,f,e,f,y,l
p,f,e,f,s,p
p,f,n,f,f,d
p,x,n,f,y,l
p,f,n,f,s,d
p,f,e,f,s,d
p,x,e,f,s,d
p,f,e,f,s,p
p,x,n,f,s,l
p,f,n,f,y,p
p,f,n,f,s,l
p,f,e,f,y,p
e,x,g,f,n,g
p,k,n,f,y,p
p,x,e,f,s,p
p,x,n,f,s,p
p,x,n,f,s,d
p,f,e,f,s,l
p,k,n,f,f,l
p,x,e,f,f,d
p,x,n,f,s,d
p,k,n,f,y,d
p,x,e,f,f,l
p,k,n,f,f,p
p,x,n,f,f,p
p,x,e,f,f,d
p,f,e,f,y,d
p,f,n,f,s,l
p,f,n,f,f,p
p,f,e,f,y,p
p,x,e,f,s,l
p,x,e,f,f,l
p,f,n,f,s,p
p,f,e,f,s,d
p,x,n,f,f,d
p,x,e,f,s,d
p,x,e,f,y,l
p,f,e,f,f,p
p,x,e,f,s,p
p,x,n,f,y,d
p,x,e,f,s,l
p,x,e,f,y,l
p,x,n,f,y,d
p,x,n,f,s,l
p,f,e,f,y,d
p,f,e,f,f,d
p,x,n,f,s,d
p,x,e,f,f,l
p,f,n,f,s,l
p,x,n,f,f,d
p,f,e,f,y,d
p,k,n,f,y,p
p,x,n,f,y,l
p,f,n,f,y,p
p,k,n,f,y,p
p,f,e,f,s,d
p,f,n,f,f,p
p,x,e,f,y,d
p,x,n,f,f,l
p,f,n,f,y,p
p,f,n,f,s,p
p,x,e,f,y,l
p,f,n,f,y,l
p,x,e,f,s,p
p,f,n,f,y,l
p,f,e,f,s,p
p,x,e,f,f,l
p,f,e,f,y,l
p,k,n,f,s,d
p,x,e,f,f,p
p,x,n,f,f,l
p,f,e,f,s,p
p,f,e,f,y,p
e,b,g,f,n,g
p,x,n,f,y,p
p,k,n,f,s,p
e,b,n,f,n,l
p,f,n,f,y,d
p,f,n,f,s,d
p,x,e,f,s,d
p,x,e,f,s,d
p,k,c,f,m,d
p,x,e,f,s,l
p,f,n,f,s,p
p,x,n,f,y,l
p,x,e,f,s,d
p,x,e,f,f,d
p,f,e,f,f,l
p,f,n,f,f,d
p,f,n,f,s,d
p,f,e,f,y,p
p,x,e,f,y,l
p,f,e,f,s,d
p,f,n,f,y,l
p,x,e,f,f,l
p,f,e,f,s,p
p,f,e,f,f,l
p,f,e,f,f,p
p,x,e,f,y,p
p,x,e,f,f,d
p,k,e,f,s,p
p,x,e,f,f,l
p,x,e,f,y,d
p,x,n,f,y,d
p,x,n,f,s,l
p,f,n,f,y,d
p,f,n,f,s,p
p,x,e,f,s,d
p,k,n,f,f,p
p,f,n,f,y,d
p,f,n,f,f,d
p,f,e,f,y,p
p,f,e,f,s,l
p,f,n,f,f,d
p,x,e,f,y,l
p,f,n,f,s,d
p,f,n,f,s,d
p,f,e,f,f,p
p,x,n,f,y,d
p,f,e,f,f,d
p,k,n,f,y,l
p,f,n,f,y,p
p,f,n,f,f,p
p,f,e,f,y,l
p,x,n,f,f,l
p,f,e,f,f,p
p,x,e,f,f,d
p,f,e,f,s,d
p,x,e,f,y,p
p,f,e,f,s,p
p,f,n,f,f,p
p,x,n,f,y,p
p,x,e,f,s,d
p,f,e,f,s,d
p,x,e,f,f,l
p,x,n,f,s,l
p,f,e,f,f,d
p,x,e,f,s,l
p,x,n,f,y,p
p,x,e,f,s,p
p,f,e,f,y,l
p,x,e,f,s,d
p,f,n,f,f,l
p,x,e,f,f,l
p,x,n,f,s,l
p,f,e,f,y,d
p,x,e,f,s,d
p,f,n,f,y,l
p,x,e,f,s,p
p,f,e,f,y,d
p,x,e,f,s,p
p,k,n,f,y,l
p,f,n,f,y,l
p,x,e,f,f,l
p,f,n,f,y,p
p,x,e,f,s,d
p,f,e,f,y,d
e,x,g,f,n,g
p,x,e,f,y,p
p,f,n,f,f,l
p,f,n,f,s,p
p,x,e,f,f,l
p,x,e,f,y,l
p,x,e,f,s,l
p,f,e,f,y,d
e,b,g,f,n,g
p,f,n,f,s,d
p,f,e,f,f,d
p,f,n,f,s,d
p,f,n,f,f,l
p,f,n,f,f,d
p,x,e,f,s,d
p,f,n,f,s,l
p,x,n,f,y,d
p,f,e,f,f,d
e,k,g,f,n,g
e,b,n,f,n,l
p,f,n,f,s,l
p,x,n,f,s,p
p,f,n,f,s,l
p,f,e,f,s,l
p,f,n,f,y,l
p,f,n,f,f,d
p,f,e,f,y,p
p,f,e,f,f,l
p,f,n,f,s,l
p,x,e,f,y,d
e,x,w,f,n,g
p,f,n,f,f,p
p,x,e,f,y,l
p,x,n,f,y,d
p,x,n,f,y,l
p,x,n,f,f,d
p,k,n,f,y,d
p,f,n,f,y,p
p,x,e,f,y,p
p,f,n,f,y,p
p,f,n,f,f,d
p,x,n,f,s,l
p,x,n,f,f,d
p,x,e,f,s,l
p,f,e,f,f,d
p,f,e,f,s,l
p,f,n,f,f,p
p,x,e,f,s,l
p,f,e,f,s,l
p,f,e,f,s,d
p,f,e,f,y,l
p,x,e,f,s,l
p,f,n,f,f,l
p,f,n,f,f,l
p,f,n,f,y,p
p,k,e,f,f,l
p,f,e,f,y,l
p,x,e,f,s,p
p,x,e,f,y,p
p,f,e,f,f,l
p,x,e,f,s,d
p,f,e,f,f,l
p,f,n,f,y,d
p,f,e,f,y,l
p,x,e,f,s,p
p,x,e,f,y,d
p,f,e,f,f,l
p,f,e,f,f,p
p,x,e,f,f,p
p,f,e,f,y,p
p,f,e,f,s,p
p,f,n,f,y,l
p,f,e,f,f,d
p,f,n,f,s,p
p,k,e,f,f,l
p,f,n,f,y,d
p,f,n,f,y,p
p,f,e,f,s,l
p,f,e,f,y,l
p,x,n,f,y,p
p,k,n,f,y,p
p,x,e,f,s,d
p,x,e,f,f,l
e,x,g,f,n,g
p,k,n,f,y,d
p,x,n,f,y,p
p,f,n,f,s,p
p,f,n,f,s,p
p,x,e,f,s,p
p,f,e,f,f,l
p,f,e,f,f,l
p,f,e,f,f,p
p,f,n,f,f,l
p,f,e,f,f,p
p,x,n,f,f,p
p,f,e,f,f,l
p,x,e,f,s,p
p,f,e,f,y,d
p,f,e,f,f,p
p,k,e,f,s,p
p,f,n,f,s,p
p,k,e,f,s,d
p,f,e,f,y,l
p,f,e,f,s,l
p,f,e,f,f,l
e,b,n,f,n,l
p,x,n,f,f,d
p,f,e,f,s,l
p,f,n,f,s,d
p,f,e,f,f,d
p,f,n,f,f,p
p,k,n,f,m,d
p,x,e,f,f,p
p,f,e,f,s,l
p,k,n,f,y,d
p,f,e,f,f,p
e,k,w,f,n,g
p,f,n,f,y,l
p,f,n,f,y,d
p,f,n,f,y,p
p,f,n,f,s,d
p,f,n,f,y,l
p,f,e,f,y,p
p,x,e,f,f,d
p,f,n,f,f,p
p,x,n,f,f,p
p,x,e,f,f,l
p,x,e,f,y,l
p,f,e,f,y,d
p,x,n,f,y,d
p,x,e,f,s,p
p,f,n,f,f,l
p,x,n,f,y,l
p,f,e,f,y,d
p,x,n,f,f,d
p,f,e,f,f,l
p,f,e,f,f,p
p,f,n,f,f,l
p,f,n,f,y,d
p,x,e,f,f,d
e,k,g,f,n,g
p,x,e,f,y,d
p,k,n,f,y,d
p,k,n,f,s,d
p,x,e,f,s,p
p,f,e,f,f,l
p,f,n,f,s,l
p,f,e,f,s,p
p,x,e,f,f,p
p,f,n,f,s,d
p,f,e,f,s,p
p,x,n,f,s,l
p,x,e,f,f,p
p,f,e,f,y,p
p,x,n,f,y,d
p,f,n,f,f,p
e,x,n,f,n,l
p,k,n,f,y,p
p,f,n,f,y,l
p,k,e,f,f,p
e,x,c,t,n,p
e,b,n,f,n,l
e,k,g,f,n,g
e,x,g,f,n,g
p,x,n,f,s,d
p,k,e,f,f,p
e,x,n,f,n,l
p,k,e,f,s,d
p,b,y,f,n,l
p,x,e,f,f,d
e,b,g,f,n,g
p,k,e,f,f,p
p,k,e,f,s,p
p,f,e,f,s,d
p,f,n,f,y,p
p,f,e,f,s,d
e,k,g,f,n,g
p,k,n,f,s,p
p,k,e,f,y,d
p,f,e,f,f,l
e,b,g,f,n,g
p,f,n,f,s,d
p,f,n,f,y,p
e,f,n,f,n,l
e,x,p,t,n,p
p,f,n,f,y,d
p,k,e,f,y,l
p,f,n,f,s,l
e,b,w,f,n,g
p,x,e,f,f,p
p,f,e,f,y,l
p,f,e,f,y,l
p,k,n,f,f,d
e,x,w,f,n,g
e,b,w,f,n,g
p,k,e,f,y,l
p,f,n,f,y,l
e,f,n,t,n,p
p,k,n,f,s,d
p,k,n,f,y,l
p,f,n,f,s,l
p,f,e,f,m,d
p,x,e,f,f,d
p,k,e,f,s,p
p,x,n,f,s,l
p,k,e,f,f,l
p,k,n,f,f,l
p,f,e,f,f,p
e,x,w,f,n,g
p,k,n,f,s,d
p,f,n,f,f,p
p,k,e,f,y,d
p,k,e,f,s,l
p,k,n,f,s,l
e,k,w,f,n,g
p,k,n,f,f,p
p,k,n,f,s,l
p,k,n,f,s,l
p,k,e,f,s,d
p,x,n,f,y,l
p,x,e,f,s,l
p,f,e,f,y,p
p,k,n,f,f,d
e,b,n,f,n,d
p,f,n,f,f,p
p,k,e,f,f,d
e,x,n,f,n,d
p,f,n,f,f,d
p,k,n,f,y,l
p,f,n,f,s,p
p,x,n,f,s,p
e,k,w,f,n,g
p,f,e,f,f,d
p,x,e,f,y,p
p,x,n,f,f,l
p,f,n,f,f,p
p,k,n,f,y,l
p,k,e,f,f,p
p,k,e,f,s,l
p,x,e,f,f,d
e,b,n,f,n,p
p,k,e,f,y,p
p,x,n,f,f,p
p,x,e,f,f,p
p,f,e,f,s,l
e,b,n,f,n,l
e,k,g,f,n,g
p,k,e,f,m,d
p,k,e,f,y,l
p,f,e,f,y,d
e,k,n,f,n,l
p,f,e,f,s,d
p,k,e,f,s,d
e,k,w,f,n,g
e,x,g,f,n,g
e,k,n,f,n,l
p,k,e,f,s,d
p,k,n,f,s,l
p,k,e,f,s,p
e,x,w,f,n,g
e,k,w,f,n,g
e,k,w,f,n,g
p,k,e,f,f,l
p,x,e,f,s,p
e,k,g,f,n,g
e,x,w,f,n,g
p,k,e,f,f,d
e,b,w,f,n,g
p,k,e,f,s,p
p,f,n,f,f,p
p,f,n,f,f,d
e,k,g,f,n,g
e,x,w,f,n,g
p,f,e,f,y,p
p,x,e,f,f,d
e,x,w,f,n,g
e,k,w,f,n,g
p,f,e,f,s,d
e,f,g,t,n,p
p,k,e,f,y,d
p,x,n,f,y,p
e,k,n,f,n,l
e,x,n,f,n,l
p,k,e,f,s,l
p,x,e,f,y,d
p,x,n,f,s,d
p,k,e,f,y,d
p,x,n,f,y,l
e,k,w,f,n,g
e,k,n,f,n,l
p,k,c,f,m,d
e,x,g,f,n,g
e,x,n,f,n,l
e,x,n,f,n,l
p,k,e,f,s,p
e,k,w,f,n,g
e,x,g,f,n,g
e,f,n,f,n,l
p,k,n,f,y,d
p,k,n,f,s,l
p,f,n,f,s,d
p,f,e,f,y,p
e,k,g,f,n,g
p,f,e,f,s,d
p,f,n,f,s,p
p,k,e,f,s,l
e,k,g,f,n,g
e,b,n,f,n,l
p,k,n,f,f,l
p,x,n,f,s,p
e,b,n,f,n,l
p,k,n,f,y,d
p,k,n,f,y,p
p,k,e,f,s,l
p,f,e,f,s,p
p,x,e,f,s,p
p,x,e,f,y,d
p,x,n,f,s,d
p,k,n,f,y,d
e,x,p,t,n,p
p,f,e,f,y,d
p,x,n,f,m,d
p,k,n,f,f,l
e,k,g,f,n,g
p,k,n,f,f,d
p,f,n,f,y,p
p,k,n,f,s,p
p,k,e,f,y,d
p,f,e,f,f,d
e,f,c,t,n,p
p,f,n,f,f,l
p,k,e,f,f,d
p,x,e,f,y,l
p,f,e,f,y,l
p,x,n,f,f,p
e,f,n,f,n,l
p,f,e,f,s,d
p,x,e,f,s,p
p,x,e,f,f,d
p,x,e,f,s,p
p,k,e,f,f,l
p,x,e,f,y,l
e,b,g,f,n,g
p,k,e,f,s,p
p,k,e,f,s,l
e,k,g,f,n,g
e,f,n,f,n,l
p,f,n,f,m,d
p,k,e,f,s,d
p,f,n,f,f,l
p,k,n,f,f,p
p,k,e,f,y,l
p,k,n,f,y,p
p,k,n,f,y,l
e,x,g,f,n,g
p,k,e,f,f,p
p,x,c,f,m,d
p,k,e,f,s,p
p,k,e,f,s,l
e,b,w,f,n,g
p,k,n,f,y,d
p,x,e,f,y,p
p,f,n,f,f,l
p,f,e,f,y,p
p,k,e,f,f,d
p,k,e,f,f,d
e,b,w,f,n,g
p,k,n,f,m,d
p,f,e,f,y,d
p,k,n,f,f,p
p,k,n,f,f,p
p,x,e,f,s,l
e,x,g,t,n,p
p,f,n,f,y,d
p,k,e,f,y,p
e,k,w,f,n,g
p,x,n,f,s,d
p,k,n,f,y,d
p,x,e,f,s,d
e,k,w,f,n,g
p,f,n,f,s,p
p,k,e,f,s,p
p,k,e,f,y,p
p,f,e,f,f,l
e,f,n,f,n,l
p,f,n,f,y,d
p,k,e,f,y,d
p,k,e,f,y,d
p,k,e,f,f,l
e,b,n,f,n,l
e,k,g,f,n,g
e,x,n,f,n,l
e,x,g,f,n,g
p,k,e,f,y,d
p,f,e,f,f,d
p,k,n,f,s,d
p,k,n,f,y,p
e,b,w,f,n,g
p,f,n,f,s,d
e,b,g,f,n,g
p,x,n,f,f,d
p,x,e,f,f,l
p,f,c,f,m,d
p,f,n,f,s,d
p,x,e,f,s,l
p,f,n,f,s,l
p,f,e,f,f,p
p,f,e,f,f,l
p,x,e,f,s,d
e,k,g,f,n,g
p,x,e,f,y,p
p,k,n,f,y,l
p,k,e,f,s,l
p,x,n,f,y,p
e,b,g,f,n,g
p,x,n,f,s,l
p,f,e,f,s,d
p,k,n,f,s,d
e,b,g,f,n,g
p,x,n,f,y,p
p,f,e,f,y,p
p,f,e,f,y,d
p,f,n,f,m,d
e,b,g,f,n,g
p,f,e,f,f,p
p,k,n,f,f,l
e,k,g,f,n,g
p,k,n,f,f,l
p,x,e,f,s,l
e,b,n,f,n,l
p,k,n,f,f,l
p,f,n,f,s,l
e,x,n,f,n,l
p,k,n,f,f,l
p,k,n,f,f,d
p,k,n,f,s,p
p,k,n,f,s,p
e,f,c,t,n,p
e,f,n,f,n,l
e,b,w,f,n,g
p,k,e,f,s,p
e,b,g,f,n,g
p,k,e,f,y,p
p,k,n,f,s,d
e,x,n,f,n,l
p,x,e,f,y,p
p,x,n,f,f,d
p,f,e,f,y,l
p,f,e,f,s,p
p,x,e,f,s,p
p,k,e,f,f,d
e,k,n,f,n,d
p,f,e,f,f,d
p,k,n,f,s,p
p,f,n,f,y,p
p,f,e,f,f,d
e,k,g,f,n,g
p,k,n,f,f,d
e,b,w,f,n,g
p,k,e,f,y,l
e,x,g,f,n,g
e,k,n,f,n,l
p,k,e,f,f,p
p,k,n,f,f,l
e,k,g,f,n,g
p,x,n,f,y,l
p,k,n,f,s,l
e,x,w,f,n,g
p,k,e,f,f,p
p,k,e,f,f,l
p,k,e,f,f,l
p,k,e,f,s,p
p,k,n,f,s,p
e,k,g,f,n,g
p,k,n,f,f,p
p,k,e,f,f,l
e,x,g,f,n,g
e,f,n,f,n,l
e,k,g,f,n,g
p,x,e,f,s,p
p,k,n,f,f,d
p,k,n,f,s,p
e,x,g,f,n,g
p,k,e,f,s,p
e,f,n,f,n,l
e,k,w,f,n,g
p,f,e,f,m,d
e,b,g,f,n,g
p,f,n,f,y,p
e,b,n,f,n,l
e,b,g,f,n,g
e,k,n,f,n,l
e,b,g,f,n,g
p,k,n,f,f,l
p,k,n,f,y,p
e,f,n,f,n,l
p,k,e,f,y,p
p,f,e,f,y,p
p,k,n,f,y,l
p,k,n,f,s,l
e,b,n,f,n,l
e,k,g,f,n,g
e,b,n,f,n,l
p,k,n,f,s,l
p,k,e,f,s,l
p,k,e,f,y,p
p,k,n,f,y,l
e,f,n,f,n,l
p,k,e,f,y,d
e,x,n,f,n,l
p,k,n,f,y,d
e,k,w,f,n,g
p,k,e,f,f,d
p,k,n,f,f,d
e,k,g,f,n,g
p,f,n,f,y,p
e,x,g,f,n,g
p,k,n,f,f,p
p,f,e,f,f,d
e,x,w,f,n,g
p,k,n,f,s,l
p,f,n,f,m,d
e,b,g,f,n,g
p,k,e,f,y,p
p,x,e,f,s,d
p,k,e,f,y,l
e,k,g,f,n,g
e,k,w,f,n,g
p,k,e,f,s,d
e,k,g,f,n,g
p,k,n,f,f,d
p,k,n,f,y,l
e,k,w,f,n,g
p,k,e,f,y,l
e,b,w,f,n,g
p,k,n,f,y,d
e,x,w,f,n,g
e,b,n,f,n,l
p,k,n,f,s,d
p,k,e,f,f,p
e,x,w,f,n,g
p,x,e,f,m,d
p,k,e,f,y,p
p,k,n,f,f,l
p,k,n,f,y,p
p,k,e,f,f,d
e,k,n,f,n,l
p,k,n,f,f,l
e,f,n,f,n,d
e,k,g,f,n,g
p,f,e,f,y,l
p,k,y,f,n,l
p,k,e,f,y,p
p,k,e,f,s,l
p,k,e,f,s,l
e,b,n,f,n,l
e,x,g,t,n,p
e,k,g,f,n,g
p,f,e,f,s,p
p,k,e,f,s,p
p,k,e,f,s,l
e,b,w,f,n,g
e,f,n,f,n,l
p,k,n,f,y,p
p,k,e,f,f,d
e,x,w,f,n,g
p,k,e,f,y,l
e,x,w,f,n,g
p,k,e,f,y,l
p,k,n,f,s,p
e,x,g,f,n,g
e,x,w,f,n,g
p,k,n,f,f,d
p,k,n,f,f,l
p,k,e,f,s,d
e,b,w,f,n,g
p,f,n,f,f,p
p,k,e,f,y,d
p,k,n,f,f,l
p,x,n,f,m,d
p,k,n,f,f,l
e,f,n,f,n,l
p,x,e,f,f,d
e,f,n,f,n,l
e,b,w,f,n,g
e,b,g,f,n,g
p,k,e,f,s,l
p,k,n,f,y,d
p,k,e,f,f,p
p,k,e,f,y,d
e,b,w,f,n,g
e,k,g,f,n,g
p,f,e,f,m,d
p,k,n,f,f,d
p,k,n,f,f,p
p,f,e,f,y,d
p,x,n,f,s,d
p,k,n,f,s,p
p,k,c,f,m,d
p,k,n,f,s,d
e,k,w,f,n,g
p,f,n,f,y,l
e,b,g,f,n,g
p,f,e,f,f,d
p,k,e,f,y,l
e,k,g,f,n,g
e,x,g,f,n,g
p,k,e,f,y,l
e,k,n,f,n,l
e,f,p,t,n,p
e,b,w,f,n,g
p,f,n,f,s,l
p,f,e,f,f,p
p,k,e,f,f,l
e,k,g,f,n,g
e,x,w,f,n,g
e,x,c,t,n,p
e,k,g,f,n,g
p,k,e,f,y,l
p,k,e,f,y,p
p,k,n,f,y,p
p,x,e,f,f,p
e,k,n,f,n,l
p,f,y,f,n,l
p,x,c,f,m,d
p,x,n,f,y,d
e,x,p,t,n,p
p,k,n,f,s,p
e,k,g,f,n,g
e,b,g,f,n,g
p,k,e,f,f,p
e,x,n,f,n,l
e,b,n,f,n,l
e,f,n,t,n,p
e,k,g,f,n,g
p,f,n,f,y,d
p,k,n,f,f,d
p,f,n,f,s,l
p,k,e,f,y,d
p,k,n,f,f,l
p,k,e,f,y,p
e,b,w,f,n,g
p,k,n,f,m,d
p,k,e,f,y,d
e,k,n,f,n,l
p,k,e,f,f,p
e,b,w,f,n,g
e,x,g,f,n,g
p,k,n,f,s,l
p,k,n,f,y,p
p,k,n,f,f,d
p,k,e,f,f,p
p,k,e,f,s,l
p,k,n,f,y,p
e,b,g,f,n,g
p,k,e,f,y,p
e,b,w,f,n,g
p,c,y,f,n,l
p,x,n,f,s,p
p,k,e,f,y,l
e,x,g,f,n,g
e,b,n,f,n,l
p,k,e,f,y,l
e,b,n,f,n,l
p,k,e,f,y,l
p,k,e,f,f,l
p,k,e,f,y,p
e,b,g,f,n,g
e,k,n,f,n,l
e,b,n,f,n,l
p,x,n,f,f,d
e,x,g,t,n,p
e,x,g,f,n,g
p,k,n,f,s,l
e,k,g,f,n,g
p,k,n,f,f,p
p,k,e,f,y,d
p,k,n,f,s,d
e,f,p,t,n,p
p,k,n,f,f,d
p,k,e,f,f,p
e,f,n,f,n,l
p,k,e,f,f,l
p,k,n,f,y,d
p,k,n,f,y,d
p,f,n,f,s,p
p,k,e,f,f,p
p,k,e,f,s,l
e,x,n,f,n,l
p,f,e,f,s,p
e,k,g,f,n,g
p,k,e,f,s,l
p,k,e,f,y,l
e,f,n,f,n,l
p,k,n,f,s,l
e,x,g,f,n,g
e,k,n,f,n,l
p,f,e,f,s,p
p,k,n,f,s,d
e,f,n,t,n,p
e,x,g,f,n,g
e,k,w,f,n,g
e,b,n,f,n,l
p,k,e,f,s,p
p,k,e,f,y,l
e,k,n,f,n,p
e,x,g,f,n,g
p,k,n,f,f,p
p,k,e,f,f,l
p,k,n,f,f,d
p,f,n,f,f,l
e,f,n,f,n,l
p,f,e,f,f,d
p,k,n,f,s,p
p,k,n,f,f,l
e,b,n,f,n,l
e,x,g,f,n,g
p,k,n,f,s,p
p,k,n,f,f,p
e,x,g,f,n,g
p,k,n,f,s,d
p,k,e,f,s,d
p,k,e,f,y,l
e,b,n,f,n,l
e,b,g,f,n,g
p,x,e,f,m,d
p,k,n,f,f,p
p,k,e,f,f,d
p,k,e,f,y,d
p,k,n,f,f,d
p,k,e,f,s,l
p,k,e,f,s,d
p,x,e,f,y,p
p,k,e,f,s,d
p,k,n,f,y,d
e,b,g,f,n,g
p,k,n,f,m,d
e,f,n,t,n,p
p,k,n,f,y,p
p,f,y,f,n,l
p,k,n,f,s,l
p,f,e,f,m,d
e,x,g,f,n,g
p,k,n,f,y,d
p,k,n,f,s,l
p,f,n,f,y,d
e,f,n,f,n,l
p,k,n,f,s,d
p,f,n,f,f,d
p,k,n,f,s,p
p,f,e,f,s,l
p,k,n,f,s,p
p,x,e,f,s,d
p,k,n,f,y,p
e,x,w,f,n,g
e,x,g,f,n,g
e,x,w,f,n,g
p,k,n,f,s,d
p,k,e,f,f,d
p,k,e,f,y,p
p,k,e,f,f,d
p,k,n,f,y,p
p,k,n,f,f,l
p,k,e,f,y,p
p,k,n,f,y,d
p,k,e,f,s,d
e,f,n,f,n,l
p,f,n,f,s,d
p,k,n,f,s,l
e,x,g,f,n,g
e,x,w,f,n,g
p,k,n,f,s,d
e,x,n,f,n,l
p,k,n,f,s,l
p,k,n,f,s,l
p,k,n,f,s,p
p,k,e,f,s,l
p,k,n,f,f,l
e,b,n,f,n,l
e,f,n,f,n,l
e,b,w,f,n,g
p,k,n,f,y,l
e,x,n,f,n,l
p,k,n,f,s,d
e,b,g,f,n,g
e,b,g,f,n,g
p,x,n,f,s,d
e,x,n,f,n,l
e,x,w,f,n,g
e,x,n,f,n,p
e,k,g,f,n,g
e,x,w,f,n,g
p,f,c,f,m,d
e,x,n,f,n,l
p,k,e,f,y,l
p,k,e,f,s,l
e,x,w,f,n,g
e,k,w,f,n,g
e,b,g,f,n,g
e,k,n,f,n,l
p,k,n,f,f,p
p,f,e,f,s,p
p,k,e,f,s,l
e,k,n,f,n,l
e,f,p,t,n,p
p,k,n,f,f,p
e,b,w,f,n,g
p,k,e,f,y,p
e,k,w,f,n,g
p,k,n,f,s,l
p,k,n,f,s,l
e,f,n,f,n,l
p,k,n,f,y,l
p,k,e,f,f,d
e,x,n,f,n,l
e,x,w,f,n,g
e,x,g,f,n,g
e,x,n,f,n,l
p,k,n,f,y,p
p,k,e,f,y,p
e,x,w,f,n,g
p,k,e,f,y,d
e,x,g,f,n,g
p,k,n,f,s,l
p,f,n,f,f,d
p,k,e,f,s,d
e,k,n,f,n,p
p,k,e,f,y,l
p,k,n,f,y,p
e,b,g,f,n,g
p,k,n,f,s,l
p,k,n,f,f,p
e,k,g,f,n,g
p,k,n,f,f,l
p,k,e,f,y,l
p,k,n,f,s,p
p,k,e,f,y,d
e,k,w,f,n,g
p,k,e,f,y,d
p,k,e,f,s,d
e,b,w,f,n,g
e,x,g,f,n,g
e,b,g,f,n,g
p,k,e,f,s,p
p,k,n,f,y,p
p,k,e,f,y,d
e,b,w,f,n,g
p,f,e,f,f,d
p,k,n,f,s,d
e,k,w,f,n,g
p,k,e,f,y,d
p,k,e,f,f,l
p,k,n,f,s,d
e,x,n,t,n,p
p,k,n,f,f,p
p,k,e,f,f,p
p,b,y,f,n,l
p,k,e,f,f,l
e,x,n,t,n,p
p,k,e,f,f,p
e,k,g,f,n,g
p,k,e,f,s,d
p,k,e,f,f,d
p,k,n,f,y,l
p,k,n,f,y,l
e,x,g,f,n,g
e,b,w,f,n,g
p,k,e,f,s,d
e,b,n,f,n,l
p,k,e,f,y,p
p,k,e,f,y,p
e,b,g,f,n,g
p,k,e,f,y,p
e,b,n,f,n,l
p,f,n,f,y,p
p,k,e,f,y,d
p,k,n,f,y,l
p,k,n,f,y,l
e,b,g,f,n,g
e,k,w,f,n,g
p,k,n,f,y,l
p,f,n,f,f,d
e,x,w,f,n,g
e,x,n,f,n,l
p,k,n,f,s,p
p,k,n,f,s,l
e,k,n,f,n,l
e,b,w,f,n,g
e,x,w,f,n,g
p,f,e,f,y,p
p,k,e,f,f,l
p,x,e,f,m,d
e,f,n,f,n,l
p,k,n,f,f,d
p,x,n,f,s,d
p,k,e,f,s,d
e,b,w,f,n,g
e,b,g,f,n,g
e,k,g,f,n,g
e,k,g,f,n,g
e,x,w,f,n,g
p,k,e,f,s,p
p,f,e,f,s,l
p,k,e,f,s,l
p,f,n,f,f,l
e,b,w,f,n,g
e,k,w,f,n,g
e,b,w,f,n,g
e,f,n,f,n,l
p,k,e,f,s,d
p,k,n,f,f,p
p,k,n,f,y,p
p,f,n,f,y,d
p,x,e,f,f,l
e,f,n,f,n,l
e,k,w,f,n,g
p,k,n,f,y,d
p,x,n,f,y,d
e,b,g,f,n,g
p,k,n,f,s,d
e,b,n,f,n,l
e,f,n,f,n,l
p,k,e,f,s,p
p,k,e,f,s,d
p,k,n,f,s,p
p,k,e,f,s,p
p,k,n,f,f,d
e,x,g,f,n,g
p,k,n,f,f,d
e,f,c,t,n,p
e,b,n,f,n,l
p,k,e,f,y,l
p,k,n,f,f,d
p,k,n,f,f,p
e,b,g,f,n,g
p,k,n,f,s,p
e,b,w,f,n,g
p,k,e,f,f,l
e,x,w,f,n,g
p,k,e,f,f,l
p,k,e,f,s,d
e,x,w,f,n,g
p,k,e,f,f,d
p,k,n,f,s,p
e,k,n,f,n,l
e,k,n,f,n,l
p,k,e,f,y,l
p,k,e,f,s,p
e,k,n,f,n,l
p,k,n,f,y,d
p,k,e,f,f,d
p,k,e,f,s,d
p,k,e,f,f,d
p,k,e,f,f,l
e,k,w,f,n,g
e,b,n,f,n,l
p,k,e,f,s,d
e,f,n,f,n,l
e,f,n,f,n,p
p,k,e,f,y,l
e,f,g,t,n,p
e,x,p,t,n,p
p,c,y,f,n,l
p,k,e,f,f,p
p,k,e,f,f,d
p,k,e,f,m,d
e,b,n,f,n,l
p,k,n,f,s,l
e,x,w,f,n,g
p,x,e,f,f,l
p,x,c,f,m,d
p,f,n,f,s,l
e,k,n,f,n,l
e,b,n,f,n,d
p,f,n,f,s,d
p,k,n,f,y,p
e,b,g,f,n,g
e,x,n,t,n,p
p,f,n,f,s,p
e,k,n,f,n,l
e,b,w,f,n,g
e,x,w,f,n,g
p,k,n,f,y,d
p,x,n,f,m,d
p,k,e,f,s,p
e,x,n,f,n,l
p,k,e,f,f,p
p,x,e,f,s,l
p,k,n,f,y,l
p,k,e,f,s,d
p,k,n,f,f,l
p,k,e,f,f,d
e,b,g,f,n,g
e,k,n,f,n,l
p,k,n,f,s,p
p,k,y,f,n,l
e,k,w,f,n,g
e,x,n,f,n,l
p,k,n,f,s,p
e,k,g,f,n,g
e,k,w,f,n,g
e,f,n,f,n,l
e,x,w,f,n,g
e,b,g,f,n,g
e,x,w,f,n,g
e,k,w,f,n,g
p,k,n,f,f,d
p,k,e,f,s,d
e,k,g,f,n,g
e,x,w,f,n,g
p,k,n,f,f,p
p,k,n,f,s,d
p,k,n,f,f,p
p,k,e,f,f,p
p,k,e,f,s,l
e,b,n,f,n,l
p,k,e,f,s,p
e,x,g,f,n,g
e,x,n,f,n,l
e,b,w,f,n,g
p,k,e,f,s,p
e,x,n,f,n,l
p,k,n,f,f,d
p,k,e,f,f,d
p,k,e,f,s,p
e,b,w,f,n,g
p,k,n,f,f,d
p,k,e,f,s,d
e,b,g,f,n,g
p,k,n,f,y,d
p,x,n,f,y,p
p,k,e,f,f,l
e,x,w,f,n,g
e,x,w,f,n,g
p,k,n,f,s,p
e,k,n,f,n,d
p,k,e,f,y,d
p,k,e,f,s,l
e,b,n,f,n,l
e,b,g,f,n,g
p,k,e,f,f,l
p,k,n,f,s,l
p,f,n,f,f,p
p,f,n,f,f,d
e,f,n,f,n,l
p,k,n,f,y,d
e,k,w,f,n,g
e,b,n,f,n,l
p,k,n,f,s,p
p,k,n,f,y,p
p,k,e,f,s,d
e,k,w,f,n,g
p,k,e,f,y,l
e,x,w,f,n,g
p,k,e,f,s,d
p,k,e,f,s,d
p,k,n,f,s,d
p,f,c,f,m,d
p,x,n,f,s,d
e,k,g,f,n,g
p,k,e,f,y,l
p,x,n,f,m,d
p,f,e,f,y,l
e,k,n,f,n,l
p,k,n,f,s,p
e,b,g,f,n,g
e,b,w,f,n,g
e,x,n,f,n,l
p,k,n,f,s,l
e,f,n,f,n,l
e,x,w,f,n,g
p,k,e,f,s,l
p,k,e,f,y,p
e,x,g,f,n,g
e,b,g,f,n,g
p,k,n,f,f,d
p,k,e,f,m,d
p,k,e,f,f,p
p,k,n,f,f,p
e,x,w,f,n,g
p,k,e,f,f,l
e,b,n,f,n,l
p,k,n,f,s,d
p,k,n,f,s,p
e,b,n,f,n,l
e,f,n,f,n,l
e,k,g,f,n,g
e,f,n,f,n,l
p,k,e,f,y,l
e,b,n,f,n,l
e,k,n,f,n,l
p,k,e,f,y,d
e,f,n,f,n,l
p,k,e,f,f,d
e,b,g,f,n,g
p,k,n,f,y,d
e,f,n,f,n,l
p,k,n,f,s,l
e,x,g,f,n,g
e,x,g,f,n,g
e,k,n,f,n,l
e,x,n,f,n,l
p,k,e,f,y,d
e,x,g,f,n,g
p,k,n,f,f,d
p,k,e,f,s,d
p,k,n,f,f,p
p,k,e,f,f,d
p,k,n,f,s,l
p,k,e,f,s,l
e,x,w,f,n,g
p,k,n,f,s,l
p,k,e,f,y,p
p,k,e,f,s,p
e,x,g,f,n,g
e,x,n,f,n,l
e,b,w,f,n,g
p,k,n,f,f,l
p,k,n,f,f,l
p,k,n,f,s,d
p,x,e,f,f,p
p,k,e,f,f,d
e,x,n,f,n,l
e,x,g,f,n,g
p,k,e,f,f,l
p,k,e,f,f,l
e,k,w,f,n,g
e,b,n,f,n,l
e,k,w,f,n,g
p,k,e,f,s,d
p,k,n,f,f,p
p,k,e,f,y,l
p,k,n,f,y,d
p,x,n,f,s,l
e,k,n,f,n,l
p,k,n,f,f,d
p,k,n,f,s,d
p,k,e,f,f,l
e,x,w,f,n,g
p,f,e,f,y,d
p,k,n,f,y,l
p,k,e,f,f,d
e,f,n,f,n,l
e,x,n,f,n,d
p,k,n,f,s,d
p,k,e,f,s,l
e,b,w,f,n,g
p,k,n,f,s,p
p,k,n,f,y,p
e,x,n,f,n,l
e,x,g,f,n,g
e,x,g,f,n,g
p,f,n,f,y,p
p,f,n,f,s,d
e,f,g,t,n,p
p,k,e,f,y,d
e,x,w,f,n,g
p,k,n,f,s,p
p,k,n,f,y,p
p,x,e,f,f,p
e,x,g,f,n,g
e,f,n,f,n,l
p,x,e,f,f,p
e,b,w,f,n,g
p,k,e,f,f,l
e,x,g,f,n,g
p,f,n,f,m,d
e,x,n,f,n,l
e,b,g,f,n,g
e,b,n,f,n,l
p,k,e,f,f,d
e,f,n,f,n,l
e,x,g,f,n,g
p,k,n,f,f,p
e,x,w,f,n,g
e,f,p,t,n,p
p,k,e,f,f,l
e,k,g,f,n,g
e,k,n,f,n,l
p,k,n,f,f,d
p,k,n,f,y,l
p,k,e,f,s,p
p,k,n,f,s,d
e,k,n,f,n,l
p,k,n,f,s,p
e,k,w,f,n,g
p,k,e,f,f,p
e,f,n,f,n,p
p,k,e,f,s,p
e,x,g,f,n,g
p,k,e,f,f,d
p,k,e,f,y,d
p,k,n,f,f,l
e,b,n,f,n,l
e,k,w,f,n,g
e,b,n,f,n,l
e,f,g,t,n,p
p,k,e,f,m,d
p,x,e,f,y,d
p,k,n,f,f,p
e,k,n,f,n,l
e,k,n,f,n,l
e,x,c,t,n,p
p,k,e,f,s,l
p,k,n,f,y,l
p,k,e,f,s,l
p,k,n,f,y,d
p,k,e,f,f,p
e,f,c,t,n,p
e,x,n,f,n,l
e,b,w,f,n,g
e,k,g,f,n,g
e,f,n,f,n,l
e,k,n,f,n,l
e,k,w,f,n,g
p,k,e,f,f,l
e,b,w,f,n,g
p,k,n,f,y,p
p,k,e,f,y,d
p,k,n,f,f,d
e,x,n,f,n,l
e,x,n,t,n,p
e,b,w,f,n,g
p,f,n,f,f,d
p,k,n,f,f,l
p,k,e,f,y,p
e,x,n,f,n,l
e,x,n,f,n,l
e,b,w,f,n,g
p,x,e,f,f,p
e,b,w,f,n,g
e,b,w,f,n,g
e,b,w,f,n,g
e,k,n,f,n,l
p,k,e,f,s,p
e,k,n,f,n,l
p,k,e,f,f,d
p,k,c,f,m,d
p,k,n,f,y,d
e,x,g,f,n,g
e,f,n,f,n,d
e,k,n,f,n,l
e,b,n,f,n,p
p,x,n,f,f,l
e,b,n,f,n,l
p,f,n,f,y,p
p,k,n,f,f,p
e,k,g,f,n,g
p,k,n,f,f,l
e,k,g,f,n,g
e,x,n,f,n,l
p,k,e,f,y,p
e,f,n,f,n,l
p,k,n,f,y,l
p,k,n,f,s,p
e,k,n,f,n,l
e,b,n,f,n,l
e,x,n,f,n,p
e,x,w,f,n,g
e,f,n,f,n,l
p,f,n,f,f,p
p,x,e,f,s,d
p,k,e,f,y,p
p,k,e,f,f,d
p,k,e,f,f,p
e,b,n,f,n,l
e,x,n,f,n,l
e,f,n,f,n,l
p,k,n,f,s,l
e,b,n,f,n,l
e,k,g,f,n,g
e,k,w,f,n,g
p,k,e,f,s,p
e,b,w,f,n,g
e,x,w,f,n,g
e,b,w,f,n,g
p,k,n,f,y,d
p,f,n,f,y,l
p,f,e,f,y,p
p,k,e,f,y,p
p,k,n,f,f,d
e,x,n,f,n,l
e,f,n,f,n,l
p,k,n,f,f,l
p,k,n,f,f,l
e,x,g,f,n,g
e,k,w,f,n,g
p,k,e,f,f,p
p,x,n,f,f,d
p,k,n,f,f,l
e,k,n,f,n,l
e,b,w,f,n,g
e,k,n,f,n,l
p,k,e,f,y,d
e,x,g,t,n,p
p,k,e,f,f,l
e,b,n,f,n,l
p,k,e,f,y,p
e,x,n,f,n,l
e,f,n,f,n,l
e,f,n,f,n,l
p,k,e,f,y,p
e,b,g,f,n,g
p,k,e,f,y,d
p,k,n,f,y,d
p,k,n,f,f,l
p,k,n,f,s,d
e,x,w,f,n,g
e,f,n,f,n,l
p,k,n,f,f,d
e,x,n,f,n,l
e,b,g,f,n,g
e,b,n,f,n,l
e,x,n,f,n,l
p,k,e,f,s,l
p,k,n,f,f,p
p,k,n,f,s,d
p,k,n,f,s,p
p,k,n,f,y,l
e,k,w,f,n,g
p,k,e,f,f,l
e,k,n,f,n,l
p,k,e,f,f,p
e,b,n,f,n,l
e,f,n,f,n,l
e,k,n,f,n,l
p,k,e,f,s,l
e,k,n,f,n,l
p,k,e,f,f,p
e,k,n,f,n,l
e,b,g,f,n,g
e,f,n,f,n,l
e,b,n,f,n,l
e,f,n,f,n,l
e,b,g,f,n,g
p,k,e,f,f,l
p,k,n,f,s,d
p,k,n,f,f,p
p,k,e,f,s,p
p,k,n,f,y,l
e,b,g,f,n,g
e,k,w,f,n,g
e,k,n,f,n,l
p,x,e,f,f,p
e,k,n,f,n,l
p,k,e,f,f,d
p,k,n,f,f,d
p,k,e,f,f,p
p,k,e,f,y,p
p,x,n,f,y,d
e,b,g,f,n,g
p,x,c,f,m,d
e,k,w,f,n,g
p,k,n,f,s,l
p,k,e,f,y,d
e,k,w,f,n,g
e,f,n,f,n,l
p,k,e,f,s,p
e,x,n,f,n,l
e,k,n,f,n,l
e,k,n,f,n,l
e,k,n,f,n,l
e,k,n,f,n,l
e,x,n,f,n,l
p,k,e,f,y,l
e,b,w,f,n,g
e,x,n,f,n,l
e,k,w,f,n,g
e,k,n,f,n,l
p,k,e,f,y,d
p,f,c,f,m,d
e,x,n,f,n,l
p,k,n,f,s,l
p,k,e,f,y,d
p,k,n,f,f,d
e,k,n,f,n,l
e,x,n,f,n,l
e,f,n,f,n,l
p,k,n,f,y,l
e,x,n,f,n,l
